grid_id,revisit_rate
GRID_00020,0.26397146254458975
GRID_00021,0.27388535031847133
GRID_00105,0.25
GRID_00110,0.3269230769230769
GRID_00116,0.35340314136125656
GRID_00125,0.3122448979591837
GRID_00153,0.5647571606475716
GRID_00154,0.502770083102493
GRID_00155,0.5033185840707964
GRID_00171,0.4110429447852761
GRID_00172,0.6359447004608295
GRID_00173,0.5157116451016636
GRID_00194,0.45861297539149887
GRID_00207,0.31616161616161614
GRID_00241,0.5382059800664452
GRID_00242,0.3383838383838384
GRID_00247,0.2789317507418398
GRID_00248,0.3400576368876081
GRID_00266,0.20535714285714285
GRID_00274,0.35294117647058826
GRID_00302,0.3783783783783784
GRID_00303,0.5383920505871725
GRID_00339,0.5427960057061341
GRID_00349,0.43058823529411766
GRID_00350,0.2830188679245283
GRID_00368,0.38575982996811903
GRID_00369,0.3686868686868687
GRID_00371,0.27450980392156865
GRID_00378,0.46296296296296297
GRID_00379,0.5096674400618716
GRID_00400,0.2631578947368421
GRID_00408,0.30701754385964913
GRID_00413,0.4732824427480916
GRID_00414,0.30158730158730157
GRID_00415,0.36727272727272725
GRID_00416,0.3402061855670103
GRID_00417,0.29411764705882354
GRID_00430,0.38636363636363635
GRID_00431,0.21641791044776118
GRID_00438,0.3333333333333333
GRID_00439,0.5454545454545454
GRID_00445,0.2857142857142857
GRID_00449,0.24848484848484848
GRID_00451,0.24096385542168675
GRID_00456,0.3196448390677026
GRID_00457,0.48785638859556496
GRID_00463,0.40298507462686567
GRID_00464,0.4301948051948052
GRID_00465,0.4763113367174281
GRID_00474,0.31958762886597936
GRID_00475,0.5362318840579711
GRID_00476,0.5563380281690141
GRID_00478,0.4962602842183994
GRID_00479,0.534875569575885
GRID_00480,0.2994652406417112
GRID_00484,0.38095238095238093
GRID_00492,0.42574257425742573
GRID_00493,0.3181818181818182
GRID_00496,0.36809815950920244
GRID_00497,0.5017421602787456
GRID_00498,0.5103553106593198
GRID_00499,0.3333333333333333
GRID_00508,0.4753623188405797
GRID_00509,0.4169014084507042
GRID_00510,0.46153846153846156
GRID_00511,0.0
GRID_00520,0.4219858156028369
GRID_00523,0.14179894179894179
GRID_00535,0.2791762013729977
GRID_00565,0.35294117647058826
GRID_00625,0.24034334763948498
GRID_00626,0.5960187353629977
GRID_00639,0.35
GRID_00644,0.4281437125748503
GRID_00645,0.467109634551495
GRID_00646,0.6466809421841542
GRID_00653,0.488135593220339
GRID_00654,0.580295018090732
GRID_00655,0.422680412371134
GRID_00660,0.5
GRID_00665,0.4716981132075472
GRID_00678,0.36666666666666664
GRID_00679,0.45161290322580644
GRID_00688,0.3825503355704698
GRID_00777,0.14814814814814814
GRID_01046,0.32873125446322304
GRID_01049,0.39100486223662884
GRID_01050,0.42857142857142855
GRID_01056,0.4099099099099099
GRID_01057,0.3111111111111111
GRID_01063,0.33116883116883117
GRID_01064,0.375
GRID_01070,0.3076923076923077
GRID_01072,0.5714285714285714
GRID_01121,0.3984375
GRID_01140,0.35135135135135137
GRID_01156,0.4240506329113924
GRID_01157,0.4696969696969697
GRID_01158,0.4657534246575342
GRID_01172,0.415929203539823
GRID_01183,0.33315246880086813
GRID_01193,0.31768488745980705
GRID_01227,0.3370165745856354
GRID_01232,0.4
GRID_01236,0.29411764705882354
GRID_01248,0.2
GRID_01300,0.3050847457627119
GRID_01301,0.5
GRID_01309,0.15384615384615385
GRID_01310,0.3108108108108108
GRID_01340,0.4117647058823529
GRID_01356,0.0
GRID_01381,0.23809523809523808
GRID_01436,0.20454545454545456
GRID_01471,0.2857142857142857
GRID_01484,0.40372670807453415
GRID_01493,0.3193548387096774
GRID_01504,0.11857707509881422
GRID_01529,0.41025641025641024
GRID_01530,0.40086206896551724
GRID_01540,0.39473684210526316
GRID_01541,0.4444444444444444
GRID_01557,0.24604966139954854
GRID_01564,0.2413793103448276
GRID_01585,0.0
GRID_01600,0.32432432432432434
GRID_01601,0.16666666666666666
GRID_01614,0.33766233766233766
GRID_01615,0.3145539906103286
GRID_01633,0.0772669220945083
GRID_01646,0.20889748549323017
GRID_01647,0.23728813559322035
GRID_01705,0.35384615384615387
GRID_01708,0.0982201713909031
GRID_01710,0.28431372549019607
GRID_01793,0.18165784832451498
GRID_01796,0.4375
GRID_01807,0.5
GRID_01823,0.1354344122657581
GRID_01825,0.13951447791751975
GRID_01826,0.3294090527390381
GRID_01836,0.2706766917293233
GRID_01844,0.2874251497005988
GRID_01845,0.25835866261398177
GRID_01854,0.19517102615694165
GRID_01855,0.18085106382978725
GRID_01856,0.26870474658085275
GRID_01857,0.1813653677116906
GRID_01858,0.12450851900393185
GRID_01868,0.0
GRID_01876,0.38461538461538464
GRID_01882,0.4074074074074074
GRID_01895,0.03525680126875686
GRID_01897,0.2026315789473684
GRID_01898,0.45454545454545453
GRID_01904,0.2962962962962963
GRID_01928,0.17819706498951782
GRID_01930,0.2857142857142857
GRID_01933,0.05651861729408145
GRID_01935,0.17835365853658536
GRID_01943,0.2348643006263048
GRID_01944,0.34285714285714286
GRID_01948,0.2727272727272727
GRID_01955,0.6428571428571429
GRID_01976,0.2562814070351759
GRID_01986,0.29816069699903197
GRID_01989,0.26852659110723626
GRID_01999,0.14461899867860814
GRID_02003,0.2376237623762376
GRID_02017,0.2
GRID_02018,0.10941475826972011
GRID_02037,0.4645161290322581
GRID_02038,0.24497991967871485
GRID_02045,0.0874604847207587
GRID_02046,0.22604422604422605
GRID_02050,0.35714285714285715
GRID_02065,0.23008849557522124
GRID_02086,0.31875
GRID_02087,0.3641025641025641
GRID_02096,0.10981477026701948
GRID_02097,0.42857142857142855
GRID_02101,0.36363636363636365
GRID_02112,0.18181818181818182
GRID_02134,0.35444839857651245
GRID_02135,0.38333333333333336
GRID_02144,0.17913385826771652
GRID_02147,0.1437037037037037
GRID_02182,0.4892086330935252
GRID_02196,0.12739517357492183
GRID_02197,0.1632734303912648
GRID_02202,0.32138114209827356
GRID_02217,0.19592735277930656
GRID_02219,0.26153846153846155
GRID_02222,0.44
GRID_02233,0.1743119266055046
GRID_02255,0.26141078838174275
GRID_02257,0.0850630332357061
GRID_02260,0.0932738037464816
GRID_02261,0.1921547839915187
GRID_02262,0.22580645161290322
GRID_02263,0.291005291005291
GRID_02288,0.2727272727272727
GRID_02300,0.13930348258706468
GRID_02302,0.2857142857142857
GRID_02308,0.23979591836734693
GRID_02309,0.2222222222222222
GRID_02315,0.2608695652173913
GRID_02321,0.31995412844036697
GRID_02348,0.14285714285714285
GRID_02350,0.4666666666666667
GRID_02352,0.31932773109243695
GRID_02358,0.23393254852052178
GRID_02360,0.13333333333333333
GRID_02372,0.2222222222222222
GRID_02390,0.26626506024096386
GRID_02391,0.23057389537836465
GRID_02395,0.2923076923076923
GRID_02400,0.1839323467230444
GRID_02401,0.214
GRID_02406,0.12002412545235223
GRID_02407,0.0
GRID_02414,0.16115261472785486
GRID_02425,0.37305699481865284
GRID_02432,0.3389261744966443
GRID_02433,0.5272727272727272
GRID_02436,0.42857142857142855
GRID_02438,0.20286195286195285
GRID_02445,0.21052631578947367
GRID_02446,0.1601593625498008
GRID_02462,0.2376237623762376
GRID_02463,0.40993788819875776
GRID_02466,0.33608815426997246
GRID_02469,0.2253393665158371
GRID_02479,0.225
GRID_02508,0.1314878892733564
GRID_02509,0.3295880149812734
GRID_02516,0.12244897959183673
GRID_02547,0.18940548780487804
GRID_02555,0.09654471544715447
GRID_02559,0.30526315789473685
GRID_02560,0.3333333333333333
GRID_02561,0.368
GRID_02575,0.3062622309197652
GRID_02577,0.3143939393939394
GRID_02580,0.2681818181818182
GRID_02585,0.1147764163786784
GRID_02597,0.2839506172839506
GRID_02604,0.0
GRID_02605,0.25112107623318386
GRID_02608,0.14285714285714285
GRID_02631,0.4444444444444444
GRID_02646,0.1939218523878437
GRID_02658,0.3067484662576687
GRID_02659,0.12608353033884948
GRID_02664,0.24345146379044685
GRID_02666,0.125
GRID_02667,0.19057377049180327
GRID_02669,0.38333333333333336
GRID_02670,0.2549019607843137
GRID_02681,0.3076923076923077
GRID_02682,0.25862068965517243
GRID_02697,0.22794117647058823
GRID_02699,0.09399616776665957
GRID_02701,0.23998178506375228
GRID_02702,0.26296296296296295
GRID_02703,0.08358685246250398
GRID_02707,0.17313915857605178
GRID_02708,0.6
GRID_02711,0.25
GRID_02715,0.14285714285714285
GRID_02716,0.15384615384615385
GRID_02719,0.52
GRID_02720,0.3548387096774194
GRID_02723,0.14721345951629863
GRID_02726,0.1952326901248581
GRID_02756,0.2469281203342205
GRID_02757,0.2865338456736306
GRID_02758,0.19862205198622052
GRID_02759,0.17803174603174604
GRID_02760,0.1422441083362645
GRID_02761,0.19027506654835846
GRID_02762,0.6406087531902827
GRID_02766,0.3165752589884217
GRID_02774,0.08655964746616304
GRID_02775,0.08783535464902609
GRID_02777,0.2719665271966527
GRID_02780,0.2857142857142857
GRID_02787,0.1558011049723757
GRID_02788,0.2535211267605634
GRID_02801,0.0
GRID_02804,0.2222222222222222
GRID_02812,0.24841213832039521
GRID_02818,0.3053435114503817
GRID_02819,0.25640496476900854
GRID_02820,0.2305991183059912
GRID_02821,0.2513863216266174
GRID_02832,0.2
GRID_02836,0.3409090909090909
GRID_02837,0.12604340567612687
GRID_02838,0.17309941520467836
GRID_02839,0.1366742596810934
GRID_02840,0.1188212927756654
GRID_02841,0.24427480916030533
GRID_02843,0.1761194029850746
GRID_02852,0.2536495872100642
GRID_02853,0.5
GRID_02869,0.4666666666666667
GRID_02885,0.22493461203138623
GRID_02886,0.30743243243243246
GRID_02887,0.21280276816608998
GRID_02899,0.28273809523809523
GRID_02902,0.13370382477933965
GRID_02903,0.07662701189643108
GRID_02904,0.25268817204301075
GRID_02905,0.11867403314917127
GRID_02908,0.23076923076923078
GRID_02909,0.15572815533980583
GRID_02916,0.26783796682973393
GRID_02917,0.0913323782234957
GRID_02920,0.2608695652173913
GRID_02923,0.5016077170418006
GRID_02926,0.2
GRID_02934,0.16194331983805668
GRID_02952,0.23469387755102042
GRID_02953,0.08952496954933009
GRID_02954,0.8333333333333334
GRID_02956,0.3404255319148936
GRID_02958,0.18814192343604108
GRID_02964,0.12491178546224418
GRID_02969,0.1774891774891775
GRID_02970,0.3
GRID_02973,0.4
GRID_02976,0.24096385542168675
GRID_02977,0.1748109365910413
GRID_02978,0.13061564059900166
GRID_02984,0.31088082901554404
GRID_02985,0.24890935530780417
GRID_02986,0.05826050769870995
GRID_02988,0.0
GRID_02989,0.11325570266390174
GRID_02995,0.2183377308707124
GRID_02996,0.16457100591715976
GRID_02997,0.20094117647058823
GRID_03001,0.2757201646090535
GRID_03003,0.36363636363636365
GRID_03028,0.33905579399141633
GRID_03029,0.1405114019221903
GRID_03030,0.2264340825226434
GRID_03034,0.3372562294709115
GRID_03041,0.375
GRID_03042,0.5
GRID_03043,0.16666666666666666
GRID_03049,0.1537151373216947
GRID_03050,0.18195488721804512
GRID_03056,0.19384615384615383
GRID_03059,0.29411764705882354
GRID_03060,0.3
GRID_03061,0.10907990314769976
GRID_03064,0.2807660283097419
GRID_03065,0.2974683544303797
GRID_03069,0.4
GRID_03072,0.3148148148148148
GRID_03080,0.204
GRID_03084,0.5
GRID_03085,0.6666666666666666
GRID_03105,0.15942028985507245
GRID_03107,0.36585365853658536
GRID_03108,0.09894155545329038
GRID_03121,0.22099447513812154
GRID_03122,0.23655913978494625
GRID_03130,0.1786564400952129
GRID_03131,0.3076923076923077
GRID_03146,0.25718015665796345
GRID_03147,0.16455696202531644
GRID_03153,0.3194805194805195
GRID_03154,0.38095238095238093
GRID_03155,0.3275862068965517
GRID_03160,0.2
GRID_03167,0.2516703786191537
GRID_03187,0.2874617737003058
GRID_03191,0.25726744186046513
GRID_03193,0.632183908045977
GRID_03194,0.2814070351758794
GRID_03195,0.10560625814863103
GRID_03208,0.11370558375634518
GRID_03209,0.26900584795321636
GRID_03212,0.3333333333333333
GRID_03217,0.261455525606469
GRID_03218,0.2661354581673307
GRID_03229,0.10812456506610996
GRID_03235,0.17785977859778598
GRID_03240,0.17647058823529413
GRID_03242,1.0
GRID_03248,0.22727272727272727
GRID_03258,0.3029910504003768
GRID_03275,0.2823787134002992
GRID_03279,0.11745456670367557
GRID_03280,0.3543307086614173
GRID_03281,0.1921119592875318
GRID_03283,0.4
GRID_03286,0.43775100401606426
GRID_03296,0.2635294117647059
GRID_03302,0.28125
GRID_03307,0.125
GRID_03310,0.3015075376884422
GRID_03311,0.18407960199004975
GRID_03323,0.14343163538873996
GRID_03330,0.09321175278622088
GRID_03334,0.3333333333333333
GRID_03335,0.25
GRID_03345,0.45
GRID_03348,0.3667929292929293
GRID_03356,0.3118279569892473
GRID_03359,0.2196652719665272
GRID_03376,0.34532374100719426
GRID_03380,0.10643444605708757
GRID_03381,0.35201149425287354
GRID_03382,0.17087765957446807
GRID_03383,0.2777777777777778
GRID_03384,0.16666666666666666
GRID_03385,0.6666666666666666
GRID_03386,0.19642857142857142
GRID_03397,0.2659846547314578
GRID_03402,0.13567362428842505
GRID_03403,0.0582891748675246
GRID_03411,0.2751396648044693
GRID_03412,0.30666666666666664
GRID_03413,0.25
GRID_03415,0.14634146341463414
GRID_03417,0.5
GRID_03419,0.09125067096081589
GRID_03430,0.19951690821256038
GRID_03434,0.2
GRID_03450,0.3333333333333333
GRID_03452,0.35638297872340424
GRID_03457,0.5146579804560261
GRID_03471,0.24468684818760922
GRID_03475,0.1791044776119403
GRID_03476,0.19557195571955718
GRID_03477,0.10132391879964696
GRID_03478,0.18081918081918083
GRID_03483,0.11971080842191148
GRID_03484,0.3270440251572327
GRID_03486,0.1615186615186615
GRID_03487,0.3742724097788126
GRID_03490,0.13938737623762376
GRID_03497,0.6330690826727067
GRID_03504,0.22659176029962547
GRID_03507,0.2
GRID_03508,0.1274131274131274
GRID_03510,0.2714285714285714
GRID_03518,0.19588953114964675
GRID_03526,0.08591248665955176
GRID_03530,0.0
GRID_03532,0.19402985074626866
GRID_03536,0.15979853479853479
GRID_03537,0.24610591900311526
GRID_03543,0.45
GRID_03546,0.08166666666666667
GRID_03554,0.39805825242718446
GRID_03557,0.4032697547683924
GRID_03562,0.36
GRID_03565,0.3037974683544304
GRID_03584,0.23387096774193547
GRID_03585,0.17452830188679244
GRID_03587,0.0563102541630149
GRID_03588,0.1898999072118137
GRID_03589,0.09076175040518639
GRID_03590,0.08898488120950324
GRID_03593,0.16594960049170251
GRID_03594,0.1730090231463319
GRID_03595,0.21818181818181817
GRID_03614,0.5
GRID_03618,0.1286031042128603
GRID_03621,0.15611705556271754
GRID_03625,0.2515080257642368
GRID_03626,0.20756062767475036
GRID_03627,0.05308713214079631
GRID_03632,0.6666666666666666
GRID_03634,0.3333333333333333
GRID_03637,0.3645833333333333
GRID_03638,0.3574468085106383
GRID_03639,0.38961038961038963
GRID_03641,0.2493150684931507
GRID_03642,0.3125
GRID_03643,0.28193832599118945
GRID_03648,0.23076923076923078
GRID_03649,0.25675675675675674
GRID_03652,0.5
GRID_03653,0.12133891213389121
GRID_03664,0.3580508474576271
GRID_03684,0.09726224783861671
GRID_03685,0.2755102040816326
GRID_03686,0.22
GRID_03689,0.5555555555555556
GRID_03691,0.12068165241031761
GRID_03692,0.1459188783174762
GRID_03693,0.1702357673168948
GRID_03695,0.15339938503587291
GRID_03696,0.16481994459833796
GRID_03700,0.1256637168141593
GRID_03708,0.1600918868121541
GRID_03720,0.375
GRID_03727,0.35436893203883496
GRID_03728,0.14696969696969697
GRID_03735,0.17711991971901656
GRID_03737,0.32558139534883723
GRID_03742,0.19980970504281637
GRID_03743,0.2519573867282762
GRID_03750,0.6153846153846154
GRID_03753,0.23863269912931312
GRID_03762,0.16184448462929477
GRID_03769,1.0
GRID_03772,0.6
GRID_03774,0.31425576519916143
GRID_03775,0.3097560975609756
GRID_03783,0.0
GRID_03787,0.2808988764044944
GRID_03798,0.19742489270386265
GRID_03799,0.14612995839925003
GRID_03800,0.08566318365810034
GRID_03801,0.09195402298850575
GRID_03803,0.18231046931407943
GRID_03805,0.10765726043503822
GRID_03806,0.04472843450479233
GRID_03816,0.129916861998242
GRID_03830,0.08872901678657075
GRID_03831,0.2222222222222222
GRID_03839,0.09569526169092599
GRID_03840,0.056285358135967016
GRID_03848,0.25443786982248523
GRID_03849,0.4046511627906977
GRID_03853,0.19985429820301118
GRID_03854,0.2238648363252376
GRID_03855,0.15462610899873258
GRID_03856,0.5846994535519126
GRID_03866,0.28508124076809455
GRID_03868,0.4271523178807947
GRID_03887,0.4028776978417266
GRID_03895,0.39622641509433965
GRID_03913,0.4444444444444444
GRID_03914,0.16516868568451218
GRID_03915,0.2054176072234763
GRID_03919,0.27350427350427353
GRID_03927,0.13234938301475926
GRID_03928,0.17045361667347772
GRID_03948,0.2803738317757009
GRID_03950,0.3619047619047619
GRID_03951,0.2735562310030395
GRID_03954,0.242695753798208
GRID_03959,0.2066115702479339
GRID_03960,0.16666666666666666
GRID_03967,0.03521520402459474
GRID_03968,0.23413111342351717
GRID_03974,0.4166666666666667
GRID_03978,0.16011971567527122
GRID_03982,0.14285714285714285
GRID_03986,0.14464449191333537
GRID_03996,0.2
GRID_04005,0.13736903376018628
GRID_04008,0.3392857142857143
GRID_04009,0.4153846153846154
GRID_04010,0.35555555555555557
GRID_04015,0.0
GRID_04022,0.10231023102310231
GRID_04042,0.15161923454367027
GRID_04043,0.13350125944584382
GRID_04051,0.1845567867036011
GRID_04052,0.11843340788417872
GRID_04062,0.18858474421665616
GRID_04075,0.19916142557651992
GRID_04076,0.2465753424657534
GRID_04077,0.2563323201621074
GRID_04083,0.04242347262796901
GRID_04084,0.31142857142857144
GRID_04085,0.05724226948762557
GRID_04094,0.367816091954023
GRID_04095,0.1312462372065021
GRID_04097,0.22606924643584522
GRID_04100,0.1845431563741423
GRID_04101,0.2711864406779661
GRID_04112,0.24175824175824176
GRID_04114,0.22668112798264642
GRID_04115,0.2857142857142857
GRID_04132,0.35
GRID_04134,0.0847378277153558
GRID_04135,0.36678832116788324
GRID_04137,0.28190743338008417
GRID_04149,0.0757314974182444
GRID_04156,0.4540229885057471
GRID_04157,0.5536649214659686
GRID_04170,0.13945339873861248
GRID_04194,0.35557529091564194
GRID_04201,0.15294117647058825
GRID_04202,0.20501835985312117
GRID_04203,0.23993808049535603
GRID_04205,0.3467741935483871
GRID_04210,0.06205837173579109
GRID_04220,0.14966592427616926
GRID_04222,0.0
GRID_04225,0.2718600953895072
GRID_04237,0.25555555555555554
GRID_04239,0.3153153153153153
GRID_04241,0.16025641025641027
GRID_04254,0.34615384615384615
GRID_04257,0.2009132420091324
GRID_04258,0.6
GRID_04259,0.31657608695652173
GRID_04260,0.4785714285714286
GRID_04282,0.3010204081632653
GRID_04291,0.16903914590747332
GRID_04292,0.14212620807276863
GRID_04323,0.30559757942511345
GRID_04324,0.3333333333333333
GRID_04333,0.5
GRID_04340,0.3142361111111111
GRID_04354,0.20635910224438903
GRID_04363,0.3181818181818182
GRID_04369,0.5
GRID_04372,0.29743761513984257
GRID_04377,0.24615384615384617
GRID_04381,0.24
GRID_04393,0.44339622641509435
GRID_04396,0.2777777777777778
GRID_04397,0.205
GRID_04399,0.42649272453587556
GRID_04400,0.39215686274509803
GRID_04401,0.25394382454790304
GRID_04402,0.0801056338028169
GRID_04420,0.6745406824146981
GRID_04434,0.24
GRID_04444,0.2
GRID_04449,0.22807017543859648
GRID_04467,0.6180257510729614
GRID_04472,0.10102899906454631
GRID_04474,0.29747899159663865
GRID_04481,0.5
GRID_04482,0.24988579259936045
GRID_04485,0.2222222222222222
GRID_04492,0.4117647058823529
GRID_04503,0.452094566569888
GRID_04504,0.48295706064630367
GRID_04508,0.1724137931034483
GRID_04510,0.18947368421052632
GRID_04511,0.25193798449612403
GRID_04512,0.1975917597562745
GRID_04513,0.26666666666666666
GRID_04514,0.5714285714285714
GRID_04515,0.32967032967032966
GRID_04521,0.1595361855257897
GRID_04522,0.12966819354814546
GRID_04530,0.5750721847930702
GRID_04531,0.4658322903629537
GRID_04536,0.3146826886969583
GRID_04539,0.35051546391752575
GRID_04547,0.1508935596268405
GRID_04551,0.16424510423247
GRID_04552,0.1275844679778114
GRID_04553,0.0781650983746792
GRID_04580,0.30260303687635576
GRID_04581,0.14502923976608187
GRID_04584,0.2622478386167147
GRID_04586,0.5714285714285714
GRID_04588,0.168141592920354
GRID_04595,0.35572139303482586
GRID_04596,0.24
GRID_04597,0.1590909090909091
GRID_04605,0.14285714285714285
GRID_04615,0.45294117647058824
GRID_04616,0.36607142857142855
GRID_04617,0.6
GRID_04618,0.376271186440678
GRID_04619,0.34328358208955223
GRID_04620,0.5238095238095238
GRID_04621,0.24742268041237114
GRID_04622,0.15143929912390489
GRID_04625,0.2903225806451613
GRID_04626,0.10316529894490035
GRID_04631,0.3745287957459492
GRID_04632,0.134394341290893
GRID_04639,0.499644128113879
GRID_04640,0.1768180056096504
GRID_04645,0.3804209183673469
GRID_04648,0.3161955751515629
GRID_04649,0.2987012987012987
GRID_04658,0.18813877168307547
GRID_04659,0.20411663807890223
GRID_04661,0.08895158895158896
GRID_04662,0.3234567901234568
GRID_04663,0.11650077106406842
GRID_04664,0.10982328482328482
GRID_04665,0.12277904328018223
GRID_04666,0.26666666666666666
GRID_04667,0.15306122448979592
GRID_04675,0.14893617021276595
GRID_04676,0.75
GRID_04686,0.3333333333333333
GRID_04689,0.27548209366391185
GRID_04692,0.23952095808383234
GRID_04696,0.24175824175824176
GRID_04700,0.22185154295246037
GRID_04701,0.10344827586206896
GRID_04706,0.38461538461538464
GRID_04707,0.375
GRID_04711,0.307469600463231
GRID_04715,0.2265625
GRID_04717,0.21428571428571427
GRID_04726,0.21428571428571427
GRID_04728,0.28313253012048195
GRID_04729,0.4017790956263899
GRID_04735,0.24324324324324326
GRID_04740,0.3223371841388443
GRID_04741,0.1829665832575779
GRID_04748,0.607754279959718
GRID_04749,0.6692098092643052
GRID_04750,0.4583333333333333
GRID_04761,0.2727272727272727
GRID_04770,0.0701497990500548
GRID_04771,0.14402679568291776
GRID_04772,0.10663246610480029
GRID_04777,0.09117043121149897
GRID_04778,0.16076294277929154
GRID_04780,0.8
GRID_04787,0.0
GRID_04800,0.51
GRID_04801,0.19095477386934673
GRID_04804,0.2505854800936768
GRID_04808,0.21768707482993196
GRID_04812,0.24284335799292378
GRID_04818,0.26883910386965376
GRID_04819,0.3217344753747323
GRID_04820,0.25
GRID_04821,0.2611464968152866
GRID_04823,0.34871967654986524
GRID_04838,0.30891374954889933
GRID_04843,0.34782608695652173
GRID_04846,0.27941176470588236
GRID_04847,0.05555555555555555
GRID_04849,0.45491803278688525
GRID_04856,0.4709728726694354
GRID_04857,0.34294871794871795
GRID_04862,0.3001701837985024
GRID_04885,0.34057971014492755
GRID_04890,0.11863173216885008
GRID_04893,0.2857142857142857
GRID_04894,0.2924187725631769
GRID_04897,0.2485207100591716
GRID_04907,0.1875
GRID_04908,0.125
GRID_04911,0.27358490566037735
GRID_04912,0.12554023461617617
GRID_04915,0.36486486486486486
GRID_04916,0.14775160599571735
GRID_04921,0.4
GRID_04924,0.20554272517321015
GRID_04925,0.30451127819548873
GRID_04926,0.5
GRID_04940,0.39759036144578314
GRID_04943,0.3054545454545455
GRID_04946,0.3
GRID_04967,0.19041916167664671
GRID_04971,0.34474327628361856
GRID_04989,0.19496021220159152
GRID_04990,0.29292929292929293
GRID_04993,0.3007518796992481
GRID_04997,0.4583333333333333
GRID_04999,0.35714285714285715
GRID_05009,0.21052631578947367
GRID_05014,0.1688888888888889
GRID_05016,0.23071937783538563
GRID_05025,0.7384615384615385
GRID_05026,0.3328991924980464
GRID_05027,0.2361111111111111
GRID_05029,0.2
GRID_05035,0.417910447761194
GRID_05042,0.3437945791726106
GRID_05043,0.24761904761904763
GRID_05045,0.26260504201680673
GRID_05047,0.24713888029693784
GRID_05049,0.152
GRID_05053,0.0
GRID_05056,0.20125786163522014
GRID_05061,0.3809824472786968
GRID_05067,0.47586206896551725
GRID_05068,0.7775700934579439
GRID_05069,0.7405405405405405
GRID_05084,0.26495726495726496
GRID_05085,0.2604166666666667
GRID_05086,0.28809523809523807
GRID_05092,0.2356687898089172
GRID_05099,0.5714285714285714
GRID_05100,0.2929936305732484
GRID_05104,0.10327983251919051
GRID_05105,0.47572815533980584
GRID_05107,0.3
GRID_05112,0.3181818181818182
GRID_05113,0.3130008904719501
GRID_05114,0.2756756756756757
GRID_05115,0.33387888707037644
GRID_05116,0.2901091630830301
GRID_05117,0.3354564755838641
GRID_05119,0.35648148148148145
GRID_05120,0.39747113798790545
GRID_05121,0.24995391705069125
GRID_05122,0.3515151515151515
GRID_05126,0.32432432432432434
GRID_05131,0.20218579234972678
GRID_05136,0.08354792560801144
GRID_05137,0.3323442136498516
GRID_05138,0.3
GRID_05140,0.08928571428571429
GRID_05143,0.36792452830188677
GRID_05146,0.31382978723404253
GRID_05147,0.20970042796005706
GRID_05158,0.4933837429111531
GRID_05159,0.6329628046173579
GRID_05163,0.4347370626440394
GRID_05164,0.5
GRID_05172,0.18840579710144928
GRID_05173,0.11984047856430707
GRID_05174,0.30708661417322836
GRID_05177,0.1465144630389006
GRID_05181,0.06624879686362889
GRID_05182,0.09090909090909091
GRID_05183,0.23692307692307693
GRID_05185,0.0
GRID_05187,0.125
GRID_05189,0.08730769230769231
GRID_05190,0.21739130434782608
GRID_05193,0.312982714233174
GRID_05194,0.3460010364484367
GRID_05195,0.31876606683804626
GRID_05197,0.13738959764474976
GRID_05198,0.28171641791044777
GRID_05200,0.3888888888888889
GRID_05201,0.2387950036737693
GRID_05202,0.19130434782608696
GRID_05205,0.26161492472808473
GRID_05206,0.4781805587624105
GRID_05207,0.2631578947368421
GRID_05208,0.3623718887262079
GRID_05210,0.22038567493112948
GRID_05211,0.5064272597429096
GRID_05212,0.15531857933250046
GRID_05213,0.2619047619047619
GRID_05214,0.6984924623115578
GRID_05216,0.4431137724550898
GRID_05219,0.1111111111111111
GRID_05223,0.281767955801105
GRID_05230,0.14412955465587043
GRID_05231,0.12014680316785784
GRID_05232,0.3181490557878045
GRID_05236,0.5
GRID_05238,0.2146859333529932
GRID_05245,0.17734921535261863
GRID_05250,0.5062878435025617
GRID_05251,0.4
GRID_05252,0.37719298245614036
GRID_05253,0.41753227259081355
GRID_05254,0.46106829657188414
GRID_05255,0.45324574961360126
GRID_05256,0.4720496894409938
GRID_05265,0.23597359735973597
GRID_05271,0.06866325785244703
GRID_05274,0.3573407202216066
GRID_05275,0.3011647254575707
GRID_05278,1.0
GRID_05283,0.8333333333333334
GRID_05286,0.21007502679528403
GRID_05287,0.24507772020725388
GRID_05295,0.37279397184215746
GRID_05296,0.3333333333333333
GRID_05298,0.3976499690785405
GRID_05299,0.36556603773584906
GRID_05300,0.38565022421524664
GRID_05301,0.3699165797705944
GRID_05302,0.5346456692913386
GRID_05303,0.34861878453038675
GRID_05304,0.23825713814160754
GRID_05305,0.4255012121445338
GRID_05306,0.2289445628997868
GRID_05308,0.2803030303030303
GRID_05309,0.27393225331369664
GRID_05311,0.6
GRID_05324,0.6666666666666666
GRID_05326,0.3
GRID_05327,0.3541666666666667
GRID_05328,0.07028234816169003
GRID_05332,0.24493444576877235
GRID_05341,0.4460694698354662
GRID_05342,0.4014962285657851
GRID_05343,0.3943714665779847
GRID_05344,0.36363636363636365
GRID_05345,0.42136752136752137
GRID_05354,0.1375542977491115
GRID_05361,0.08618951612903226
GRID_05362,0.15456579214968477
GRID_05363,0.17062343176992859
GRID_05364,0.32053854618421906
GRID_05365,0.3071443110116019
GRID_05366,0.3488372093023256
GRID_05369,0.41353383458646614
GRID_05373,0.26855123674911663
GRID_05374,0.2783467446964155
GRID_05375,0.29347826086956524
GRID_05377,0.5
GRID_05383,0.1568627450980392
GRID_05385,0.5
GRID_05386,0.34212821631051027
GRID_05389,0.27704918032786885
GRID_05390,0.3774991894520696
GRID_05391,0.3421453990849009
GRID_05392,0.4279249661574164
GRID_05393,0.3594174621977563
GRID_05394,0.4171251316867611
GRID_05395,0.320703794052006
GRID_05396,0.3976355431259137
GRID_05398,0.1875
GRID_05409,0.2792565396971088
GRID_05410,0.2719324181626188
GRID_05411,0.2904761904761905
GRID_05412,0.14832645575424117
GRID_05413,0.16666666666666666
GRID_05414,0.10731935702023618
GRID_05415,0.4
GRID_05429,0.3792233814689422
GRID_05430,0.3479950955905726
GRID_05431,0.28709619364708
GRID_05444,0.11760164693772517
GRID_05445,0.29130890052356023
GRID_05450,0.3242009132420091
GRID_05452,0.3148148148148148
GRID_05453,0.34972677595628415
GRID_05454,0.18253735716378552
GRID_05455,0.3003119969793923
GRID_05456,0.30487033523086654
GRID_05457,0.38461538461538464
GRID_05458,0.15674603174603174
GRID_05459,0.2923273657289003
GRID_05460,0.23646034816247583
GRID_05462,0.3584905660377358
GRID_05463,0.1868575624082232
GRID_05466,0.16666666666666666
GRID_05478,0.3548387096774194
GRID_05482,0.29575504523312457
GRID_05484,0.3501716453866538
GRID_05485,0.3668931995139295
GRID_05486,0.30612244897959184
GRID_05487,0.4936253677672442
GRID_05488,0.37296868806975825
GRID_05490,0.45714285714285713
GRID_05500,0.31064721403073103
GRID_05501,0.26204169662113586
GRID_05513,0.3333333333333333
GRID_05514,0.2857142857142857
GRID_05516,0.4571237904571238
GRID_05517,0.441717347234289
GRID_05518,0.4848574577637402
GRID_05519,0.2704555529210437
GRID_05520,0.2976117575015309
GRID_05523,0.5722433460076045
GRID_05525,0.1611295681063123
GRID_05527,0.07746478873239436
GRID_05533,0.11342666242443525
GRID_05534,0.23880597014925373
GRID_05538,0.02798584245616923
GRID_05540,0.17636837532580366
GRID_05542,0.19998512568793694
GRID_05543,0.2205064854848672
GRID_05549,0.43333333333333335
GRID_05560,0.2
GRID_05563,0.4146341463414634
GRID_05567,0.21212121212121213
GRID_05568,0.2947976878612717
GRID_05570,0.0
GRID_05573,0.39648729446935727
GRID_05574,0.5029594554601953
GRID_05575,0.21428571428571427
GRID_05576,0.38095238095238093
GRID_05577,0.2762237762237762
GRID_05579,0.394109396914446
GRID_05584,0.5
GRID_05587,0.1750830564784053
GRID_05588,0.21172638436482086
GRID_05595,0.5025024277283933
GRID_05596,0.11616616616616617
GRID_05597,0.31290255557864116
GRID_05598,0.4491442542787286
GRID_05600,0.30855704697986575
GRID_05601,0.3586541607590795
GRID_05605,0.1893308664816528
GRID_05606,0.39794419970631423
GRID_05607,0.027113828670248905
GRID_05609,0.22603833865814696
GRID_05610,0.1731465449393987
GRID_05620,0.15760869565217392
GRID_05622,0.5416666666666666
GRID_05625,0.1472790813779331
GRID_05631,0.2898550724637681
GRID_05634,0.2099125364431487
GRID_05640,0.25
GRID_05650,0.3181818181818182
GRID_05651,0.3876651982378855
GRID_05652,0.2981651376146789
GRID_05655,0.43801958248660633
GRID_05656,0.5482944344703771
GRID_05657,0.24444444444444444
GRID_05658,0.42857142857142855
GRID_05659,0.5
GRID_05661,0.4251968503937008
GRID_05662,0.44028520499108736
GRID_05664,0.0
GRID_05666,0.23076923076923078
GRID_05674,0.5161046950264059
GRID_05675,0.4407509863498254
GRID_05676,0.5440512048192772
GRID_05678,0.31988472622478387
GRID_05679,0.3763440860215054
GRID_05682,0.34782608695652173
GRID_05684,0.15384615384615385
GRID_05685,0.23737373737373738
GRID_05688,0.41040462427745666
GRID_05691,0.2857142857142857
GRID_05692,0.0625
GRID_05693,0.336283185840708
GRID_05694,0.2
GRID_05695,0.14392059553349876
GRID_05699,0.140625
GRID_05701,0.14580209895052473
GRID_05704,0.4521604938271605
GRID_05705,0.3333333333333333
GRID_05706,0.25
GRID_05707,0.030805183768854896
GRID_05709,0.2647058823529412
GRID_05710,0.3147410358565737
GRID_05712,0.2536443148688047
GRID_05713,0.3090909090909091
GRID_05725,0.43478260869565216
GRID_05727,0.11764705882352941
GRID_05730,0.1608649789029536
GRID_05731,0.17225747960108795
GRID_05734,0.3202846975088968
GRID_05735,0.3256297383223282
GRID_05736,0.49000999000999
GRID_05740,0.45454545454545453
GRID_05741,0.3813953488372093
GRID_05742,0.18248175182481752
GRID_05744,0.27586206896551724
GRID_05749,0.3695652173913043
GRID_05751,0.07655502392344497
GRID_05756,0.12842712842712842
GRID_05758,0.41650610147719974
GRID_05759,0.4275618374558304
GRID_05760,0.44499160604364857
GRID_05761,0.45272277227722774
GRID_05765,0.49122807017543857
GRID_05768,0.3294460641399417
GRID_05769,0.21052631578947367
GRID_05771,0.4450704225352113
GRID_05772,0.38786764705882354
GRID_05777,0.31896551724137934
GRID_05778,0.16386913229018493
GRID_05780,0.10433482810164424
GRID_05781,0.13381787088499358
GRID_05784,0.23076923076923078
GRID_05785,0.2752808988764045
GRID_05787,0.5
GRID_05788,0.25660377358490566
GRID_05791,0.3490909090909091
GRID_05794,0.3076923076923077
GRID_05797,0.3870967741935484
GRID_05800,0.2088607594936709
GRID_05802,0.36363636363636365
GRID_05809,0.20985915492957746
GRID_05811,0.22770303936223218
GRID_05815,0.1616704568947695
GRID_05816,0.23046566692975531
GRID_05817,0.31285714285714283
GRID_05818,0.2894736842105263
GRID_05819,0.3515413737155219
GRID_05824,0.20930232558139536
GRID_05829,0.2671232876712329
GRID_05834,0.4222222222222222
GRID_05835,0.05263157894736842
GRID_05836,0.22088133113914793
GRID_05837,0.24469964664310953
GRID_05841,0.3743392599711677
GRID_05842,0.35177865612648224
GRID_05849,0.2
GRID_05850,0.3209054593874834
GRID_05851,0.35218643623985335
GRID_05852,0.09493975903614457
GRID_05855,0.19785330948121646
GRID_05856,0.18639901679639492
GRID_05858,0.13636363636363635
GRID_05859,0.24452554744525548
GRID_05861,0.2556053811659193
GRID_05862,0.24390243902439024
GRID_05864,0.13168350550573277
GRID_05865,0.12375415282392027
GRID_05866,0.20229576624925463
GRID_05868,0.38235294117647056
GRID_05870,0.3880597014925373
GRID_05871,0.16856330014224752
GRID_05872,0.0396235760277365
GRID_05873,0.3709677419354839
GRID_05874,0.3409090909090909
GRID_05875,0.32432432432432434
GRID_05877,0.22727272727272727
GRID_05881,0.07309184993531695
GRID_05886,0.14278680452978829
GRID_05887,0.15372168284789645
GRID_05893,0.1875
GRID_05894,0.10784313725490197
GRID_05901,0.23434704830053668
GRID_05902,0.2553699284009546
GRID_05905,0.3953488372093023
GRID_05914,0.18152350081037277
GRID_05915,0.15590863952333664
GRID_05916,0.1761194029850746
GRID_05917,0.17593984962406015
GRID_05919,0.20333333333333334
GRID_05929,0.3
GRID_05940,0.2624230951254141
GRID_05941,0.27702702702702703
GRID_05945,0.24031007751937986
GRID_05946,0.13843098311817278
GRID_05947,0.2631578947368421
GRID_05950,1.0
GRID_05954,0.1505406154699196
GRID_05957,0.2623318385650224
GRID_05958,0.23372781065088757
GRID_05959,0.5263157894736842
GRID_05966,0.22821576763485477
GRID_05969,0.32846347607052895
GRID_05980,0.21004098360655737
GRID_05986,0.21212121212121213
GRID_05987,0.2871287128712871
GRID_05988,0.26666666666666666
GRID_05989,0.13107270948809913
GRID_05990,0.3538961038961039
GRID_05991,0.20318725099601595
GRID_05999,0.05
GRID_06004,0.3516666666666667
GRID_06005,0.3058674797352569
GRID_06011,0.2883435582822086
GRID_06024,0.0663751987281399
GRID_06025,0.32142857142857145
GRID_06026,0.2
GRID_06027,0.2894736842105263
GRID_06029,0.05741626794258373
GRID_06033,0.22966934763181412
GRID_06053,0.13224926085967706
GRID_06054,0.14678899082568808
GRID_06055,0.17062788222774034
GRID_06056,0.4090909090909091
GRID_06057,0.22675736961451248
GRID_06060,0.2176345231752797
GRID_06061,0.24736641705800227
GRID_06064,0.4648786717752235
GRID_06065,0.47881799163179917
GRID_06066,0.43657331136738053
GRID_06068,0.30646427636744306
GRID_06069,0.3659120852796742
GRID_06070,0.3635743519781719
GRID_06073,0.36764705882352944
GRID_06085,0.32608695652173914
GRID_06086,0.11916583912611718
GRID_06087,0.3054256314312441
GRID_06088,0.17384500745156484
GRID_06095,0.31679389312977096
GRID_06096,0.19705882352941176
GRID_06098,0.14916666666666667
GRID_06099,0.1926521099116781
GRID_06100,0.18783068783068782
GRID_06101,0.4006069802731411
GRID_06104,0.20666666666666667
GRID_06106,0.30194000512776686
GRID_06107,0.3997436366965757
GRID_06108,0.5066283996173295
GRID_06109,0.4210152644657437
GRID_06110,0.10939794419970632
GRID_06113,0.296875
GRID_06114,0.0
GRID_06124,0.21918976545842217
GRID_06125,0.37419093851132684
GRID_06126,0.2109004739336493
GRID_06127,0.24419074189640616
GRID_06128,0.1805091283106197
GRID_06136,0.21846771495483439
GRID_06139,0.15261044176706828
GRID_06141,0.20408346019521806
GRID_06142,0.34399623662236856
GRID_06143,0.41110766366739065
GRID_06144,0.29287031346035647
GRID_06145,0.3333333333333333
GRID_06146,0.42577440093512564
GRID_06147,0.375
GRID_06148,0.19820554649265906
GRID_06149,0.41184387617765816
GRID_06150,0.3
GRID_06159,0.2873015873015873
GRID_06160,0.10716771050800278
GRID_06161,0.215025140490979
GRID_06165,0.17304189435336975
GRID_06167,0.3226523430264864
GRID_06168,0.31981132075471697
GRID_06169,0.296875
GRID_06172,0.3952894438138479
GRID_06173,0.3100719424460432
GRID_06174,0.45664739884393063
GRID_06175,0.4494047619047619
GRID_06182,0.4206896551724138
GRID_06183,0.0
GRID_06187,0.5980613893376413
GRID_06188,0.2551834130781499
GRID_06189,0.42057026476578413
GRID_06190,0.4328147100424328
GRID_06192,0.2804878048780488
GRID_06194,0.39513242662848963
GRID_06203,0.41711657668466307
GRID_06204,0.5589274579089586
GRID_06205,0.4051383399209486
GRID_06206,0.5103118246372337
GRID_06207,0.31252090534061766
GRID_06208,0.26495726495726496
GRID_06209,0.2639593908629442
GRID_06210,0.3333333333333333
GRID_06211,0.43902439024390244
GRID_06212,0.4240705734089477
GRID_06216,0.47316538882803943
GRID_06217,0.5004443942835377
GRID_06218,0.5227616558932746
GRID_06219,0.5467224546722455
GRID_06220,0.4129248392500135
GRID_06221,0.2318471337579618
GRID_06229,0.45161290322580644
GRID_06230,0.4704266498070592
GRID_06231,0.48740310773629497
GRID_06232,0.5477791679699718
GRID_06233,0.31763046544428775
GRID_06234,0.22366710013003901
GRID_06235,0.2559948152948801
GRID_06236,0.15529753265602322
GRID_06237,0.30198019801980197
GRID_06244,0.15472586612848974
GRID_06246,0.5002381960618251
GRID_06247,0.5274423171330388
GRID_06248,0.46983192626442566
GRID_06249,0.19927395306625179
GRID_06250,0.4717898832684825
GRID_06251,0.4874262651350512
GRID_06252,0.33352993217340016
GRID_06259,0.2153846153846154
GRID_06260,0.345679012345679
GRID_06261,0.3801452784503632
GRID_06262,0.010186757215619695
GRID_06263,1.0
GRID_06273,0.1706526145115525
GRID_06274,0.20733652312599682
GRID_06275,0.24708269913749364
GRID_06286,0.03594750917345606
GRID_06287,0.2138173185845101
GRID_06288,0.33790289157394715
GRID_06289,0.1479878840328862
GRID_06308,0.18884198327952983
GRID_06322,0.27562189054726366
GRID_06362,0.4647887323943662
GRID_06369,0.3333333333333333
GRID_06372,0.20689655172413793
GRID_06382,0.40437158469945356
GRID_06383,0.2875327147275755
GRID_06384,0.3867836309391281
GRID_06386,0.5330508474576271
GRID_06387,0.535799522673031
GRID_06389,0.20647895852255524
GRID_06390,0.38330573355413156
GRID_06391,0.17210108419652573
GRID_06397,0.5
GRID_06402,0.5210084033613446
GRID_06403,1.0
GRID_06404,0.4984189723320158
GRID_06417,0.453125
GRID_06418,0.5189873417721519
GRID_06419,0.4543828264758497
GRID_06420,0.352963967454475
GRID_06421,0.322795838980515
GRID_06422,0.15301724137931033
GRID_06424,0.5193798449612403
GRID_06425,0.12068264932954084
GRID_06426,0.15962948668467772
GRID_06427,0.21368276403612094
GRID_06428,0.6
GRID_06434,0.24121405750798722
GRID_06435,0.4576271186440678
GRID_06436,0.6005917159763313
GRID_06441,0.4176470588235294
GRID_06446,0.24
GRID_06448,0.20833333333333334
GRID_06452,0.5916114790286976
GRID_06457,0.3013595166163142
GRID_06461,0.10394456289978678
GRID_06462,0.3942606495613673
GRID_06463,0.32645659416993494
GRID_06468,0.10823909531502424
GRID_06469,0.1289767841788478
GRID_06471,0.45454545454545453
GRID_06482,0.23809523809523808
GRID_06483,0.319672131147541
GRID_06489,0.16559214060940977
GRID_06491,0.0816768352686479
GRID_06492,0.4893917963224894
GRID_06493,0.5782452539763981
GRID_06499,0.4516765285996055
GRID_06500,0.2857142857142857
GRID_06501,0.3257328990228013
GRID_06509,0.41886151231945623
GRID_06515,0.1928220368042062
GRID_06516,0.5177255449538438
GRID_06517,0.1848341232227488
GRID_06527,0.24764150943396226
GRID_06528,0.29252669039145907
GRID_06529,0.5023419203747073
GRID_06534,0.3822784810126582
GRID_06537,0.32
GRID_06542,0.42574257425742573
GRID_06545,0.07805907172995781
GRID_06547,0.3948248940441669
GRID_06554,0.4099290780141844
GRID_06555,0.5714285714285714
GRID_06558,0.4409106126548376
GRID_06566,0.46969469093096705
GRID_06567,0.29133858267716534
GRID_06568,0.16666666666666666
GRID_06573,0.3114754098360656
GRID_06586,0.5026619650141742
GRID_06587,0.47208644198610755
GRID_06588,0.5166492146596858
GRID_06594,0.46438482886216464
GRID_06595,0.3685393258426966
GRID_06596,0.5370370370370371
GRID_06597,0.5170124481327801
GRID_06598,0.39885714285714285
GRID_06599,0.38636363636363635
GRID_06604,0.26947500223593596
GRID_06605,0.20426956885726244
GRID_06606,0.19410745233968804
GRID_06607,0.29310344827586204
GRID_06612,0.5
GRID_06622,0.1516533637400228
GRID_06626,0.0273972602739726
GRID_06628,0.5294117647058824
GRID_06630,0.44599236641221374
GRID_06636,0.35294117647058826
GRID_06637,0.46395563770794823
GRID_06638,0.2875144763690509
GRID_06639,0.1446917808219178
GRID_06640,0.6021505376344086
GRID_06645,0.22600186393289842
GRID_06656,0.4649810366624526
GRID_06657,0.5085410895660203
GRID_06658,0.4630803845367151
GRID_06662,0.48532641245757635
GRID_06663,0.6015425638673051
GRID_06667,0.4409448818897638
GRID_06668,0.4796511627906977
GRID_06669,0.4676907829534192
GRID_06670,0.48115687992988604
GRID_06671,0.463980463980464
GRID_06672,0.3700826572784326
GRID_06673,0.39186295503211993
GRID_06678,0.20651352328370962
GRID_06679,0.2830610568586292
GRID_06680,0.23877698323523502
GRID_06681,0.22826503255457678
GRID_06682,0.45634443107367295
GRID_06683,0.328088304368248
GRID_06686,0.3896595208070618
GRID_06687,0.0
GRID_06688,0.39372822299651566
GRID_06690,0.5
GRID_06693,0.17142857142857143
GRID_06694,0.469882877858338
GRID_06697,0.3540983606557377
GRID_06700,0.7857142857142857
GRID_06701,0.4560404807084124
GRID_06702,0.3793103448275862
GRID_06703,0.13840399002493767
GRID_06704,0.43804981452040276
GRID_06711,0.3788546255506608
GRID_06712,0.45393794749403343
GRID_06713,0.4298880842659645
GRID_06714,0.21929824561403508
GRID_06729,0.314471707561342
GRID_06735,0.2850574712643678
GRID_06736,0.5
GRID_06737,0.46775197013687264
GRID_06738,0.520811762269621
GRID_06742,0.4483480017313519
GRID_06743,0.45831938399732175
GRID_06744,0.4140625
GRID_06745,0.5052301255230126
GRID_06746,0.49353475867366536
GRID_06747,0.3704008068432259
GRID_06748,0.34854771784232363
GRID_06750,0.5265462506841817
GRID_06752,0.33503353168980826
GRID_06753,0.4292701153643418
GRID_06754,0.31707884512481677
GRID_06755,0.3110294117647059
GRID_06756,0.42613318410744266
GRID_06757,0.46390547110591424
GRID_06758,0.3520359395909004
GRID_06759,1.0
GRID_06761,0.18125
GRID_06762,0.40651387213510254
GRID_06763,0.4922067268252666
GRID_06764,0.28
GRID_06765,0.20930232558139536
GRID_06767,0.381334447694665
GRID_06768,0.5451925904145839
GRID_06769,0.4523478744095582
GRID_06772,0.4908403262025765
GRID_06774,0.6137071651090342
GRID_06777,0.40780172413793103
GRID_06784,0.546875
GRID_06785,0.33879781420765026
GRID_06786,0.1875
GRID_06787,0.43187937533656434
GRID_06788,0.31213872832369943
GRID_06789,0.41899441340782123
GRID_06793,0.5629860031104199
GRID_06800,0.1530133666849058
GRID_06803,0.2222222222222222
GRID_06804,0.508482972136223
GRID_06807,0.2016109641740803
GRID_06808,0.3871758720039232
GRID_06809,0.4618524774774775
GRID_06810,0.4821334699214169
GRID_06811,0.5362977521189043
GRID_06812,0.425904652498564
GRID_06813,0.4730581446959609
GRID_06817,0.36885245901639346
GRID_06819,0.3831908831908832
GRID_06820,0.35728744939271256
GRID_06821,0.3804842963318149
GRID_06822,0.48143571245672045
GRID_06823,0.4068147180492053
GRID_06824,0.33608128834355827
GRID_06825,0.23991507430997877
GRID_06826,0.6532258064516129
GRID_06827,0.3493380592460448
GRID_06828,0.4316056764380289
GRID_06829,0.456698601627135
GRID_06830,0.3367874200485993
GRID_06831,0.5183975888484239
GRID_06832,0.4160378754253588
GRID_06833,0.46807720861172974
GRID_06836,0.37258687258687256
GRID_06837,0.3781094527363184
GRID_06838,0.26869806094182824
GRID_06839,0.46431254695717505
GRID_06840,0.6666666666666666
GRID_06841,0.6936936936936937
GRID_06842,0.3255131964809384
GRID_06843,0.4392079207920792
GRID_06844,0.48034687118703157
GRID_06845,0.45817814349646313
GRID_06846,0.48604809990731257
GRID_06847,0.44835950465977276
GRID_06852,0.6634335596508244
GRID_06860,0.40114613180515757
GRID_06861,0.31229335737902014
GRID_06862,0.5181818181818182
GRID_06863,0.41788789847408975
GRID_06864,0.2857142857142857
GRID_06865,0.4063745019920319
GRID_06878,0.5728031953522149
GRID_06880,0.43611248149975335
GRID_06881,0.4360638010273047
GRID_06882,0.4547390711712589
GRID_06883,0.3605388199474097
GRID_06884,0.3700237323261022
GRID_06885,0.2713693510023785
GRID_06886,0.4183948191806738
GRID_06896,0.1658372130358003
GRID_06897,0.343500703894885
GRID_06899,0.45135028914715625
GRID_06900,0.4669722213619894
GRID_06901,0.4232717964901208
GRID_06902,0.5252606098465623
GRID_06903,0.3999078376406436
GRID_06904,0.4181655823446868
GRID_06905,0.43767201834862385
GRID_06906,0.3884152657158792
GRID_06907,0.4893302273384231
GRID_06908,0.5117024965325936
GRID_06909,0.3642410015649452
GRID_06914,0.24634655532359082
GRID_06915,0.27255985267034993
GRID_06916,0.2
GRID_06917,0.3990719257540603
GRID_06918,0.4589041095890411
GRID_06919,0.29710553898250425
GRID_06920,0.3844860912681738
GRID_06921,0.3538091419406576
GRID_06922,0.351861963525172
GRID_06923,0.0782608695652174
GRID_06936,0.59375
GRID_06937,0.5125892521608418
GRID_06938,0.3333333333333333
GRID_06939,0.3935037273695421
GRID_06940,0.2652899126290707
GRID_06944,0.4588809613218175
GRID_06945,0.42857142857142855
GRID_06946,0.3616178758308584
GRID_06955,0.3
GRID_06956,0.598113057956077
GRID_06957,0.5684051398337112
GRID_06958,0.4871381600154729
GRID_06959,0.3598683408509082
GRID_06960,0.2722524724969441
GRID_06961,0.155649539199596
GRID_06962,0.3503561949993016
GRID_06963,0.39080082808945005
GRID_06964,0.35187543105735053
GRID_06965,0.08536585365853659
GRID_06968,0.2727272727272727
GRID_06969,0.3723021582733813
GRID_06971,0.23911598537720172
GRID_06974,0.32336244541484715
GRID_06975,0.30024942839326546
GRID_06976,0.352516361995035
GRID_06977,0.5000750773296495
GRID_06978,0.54899828976301
GRID_06979,0.4586861550078205
GRID_06980,0.4097725280302681
GRID_06981,0.38286396290940805
GRID_06982,0.4657106085677514
GRID_06983,0.40041974236503114
GRID_06984,0.4174941796930679
GRID_06985,0.5151703749805508
GRID_06986,0.5337971729270333
GRID_06987,0.6219653179190752
GRID_06988,0.7227817745803358
GRID_06991,0.3333333333333333
GRID_06992,0.32867132867132864
GRID_06996,0.1879427883972731
GRID_06997,0.46345968519113395
GRID_06998,0.34948388455866863
GRID_06999,0.46969744970695393
GRID_07000,0.5363086232980333
GRID_07001,0.4978328173374613
GRID_07003,0.362639014126841
GRID_07004,0.45433255269320844
GRID_07005,0.22924116011124354
GRID_07006,0.3380281690140845
GRID_07009,0.37918635709882886
GRID_07014,0.5011889774793677
GRID_07015,0.5202312138728323
GRID_07016,0.4573703133025167
GRID_07017,0.4492984376554881
GRID_07018,0.37254901960784315
GRID_07019,0.09523809523809523
GRID_07021,0.35724708171206226
GRID_07022,0.2921441774491682
GRID_07023,0.3502824858757062
GRID_07024,0.2816326530612245
GRID_07034,0.27490774907749077
GRID_07035,0.6428571428571429
GRID_07036,0.2780596806480145
GRID_07037,0.43009844545910425
GRID_07038,0.5143584553591195
GRID_07039,0.35090781313954295
GRID_07040,0.33544135788010804
GRID_07041,0.387533981342043
GRID_07042,0.5162568675132847
GRID_07043,0.41880392388606547
GRID_07048,0.36626506024096384
GRID_07049,0.5320024198427102
GRID_07050,0.45493050959629383
GRID_07053,0.3129496402877698
GRID_07054,0.4173027989821883
GRID_07055,0.5221257526957008
GRID_07056,0.4049440847557387
GRID_07057,0.4098823958428298
GRID_07058,0.4856765482829469
GRID_07059,0.43346954566337015
GRID_07060,0.47022555013025097
GRID_07061,0.3935267291613884
GRID_07062,0.37620724917623
GRID_07063,0.48267123062238754
GRID_07064,0.440941413378642
GRID_07065,0.428956228956229
GRID_07066,0.4612275827229098
GRID_07069,0.6666666666666666
GRID_07070,0.43377885783718106
GRID_07071,0.23465703971119134
GRID_07072,0.47880577427821525
GRID_07073,0.3021425448185396
GRID_07074,0.2894393741851369
GRID_07077,0.36231884057971014
GRID_07078,0.41107658563333943
GRID_07079,0.46848203529161647
GRID_07080,0.5315675034591817
GRID_07081,0.4435334842924442
GRID_07082,0.10526315789473684
GRID_07084,0.4312590448625181
GRID_07085,0.32098765432098764
GRID_07086,0.3966218150586888
GRID_07087,0.39908256880733944
GRID_07095,0.4184704184704185
GRID_07096,0.37645107794361526
GRID_07097,0.42915782024062277
GRID_07098,0.4303884160062616
GRID_07099,0.47368421052631576
GRID_07100,0.42857142857142855
GRID_07101,0.3678982916170044
GRID_07102,0.34650327487851257
GRID_07104,0.5
GRID_07105,0.6052855924978687
GRID_07112,0.48809351998845435
GRID_07114,0.4391538085596593
GRID_07115,0.35647105576897603
GRID_07117,0.48334071558639696
GRID_07118,0.5200734113328745
GRID_07119,0.3981929612288916
GRID_07120,0.348951843344493
GRID_07121,0.4235746848378881
GRID_07122,0.4944801351864397
GRID_07123,0.5026046344530267
GRID_07124,0.5023580456517638
GRID_07125,0.3028169014084507
GRID_07128,0.38095238095238093
GRID_07129,0.39188914978114037
GRID_07130,0.5711218891627574
GRID_07131,0.46237948055542744
GRID_07132,0.25374064837905236
GRID_07133,0.2929936305732484
GRID_07134,0.09448818897637795
GRID_07135,0.5148434322895485
GRID_07136,0.43881453154875716
GRID_07137,0.5295466084093602
GRID_07138,0.36740146960587844
GRID_07139,0.4143792578874264
GRID_07140,0.4900190507744554
GRID_07141,0.43476934225832903
GRID_07142,0.4126124691456326
GRID_07143,0.33251833740831294
GRID_07144,0.48216553575964294
GRID_07145,0.5103235747303544
GRID_07146,0.5524134813400975
GRID_07147,0.3697727464729239
GRID_07148,0.40854044474450396
GRID_07149,0.4001242493269828
GRID_07150,0.4788732394366197
GRID_07151,0.4101123595505618
GRID_07152,0.38202779532533165
GRID_07153,0.41044776119402987
GRID_07154,0.4555801673160216
GRID_07155,0.3800403225806452
GRID_07156,0.459772648549926
GRID_07157,0.4915254237288136
GRID_07159,0.457400327689787
GRID_07160,0.544049940909058
GRID_07161,0.49861097493218287
GRID_07162,0.4909805223550244
GRID_07163,0.33878269617706236
GRID_07164,0.44739952718676124
GRID_07165,0.4461538461538462
GRID_07166,0.24358974358974358
GRID_07167,0.22807017543859648
GRID_07171,0.5978627671541057
GRID_07176,0.3488372093023256
GRID_07177,0.296
GRID_07178,0.23320065558417233
GRID_07179,0.5
GRID_07180,0.3607266435986159
GRID_07181,0.46448380747897655
GRID_07182,0.4010800196367207
GRID_07183,0.5454545454545454
GRID_07184,0.25
GRID_07194,0.2987881320518178
GRID_07196,0.36280114332380564
GRID_07197,0.45136791231552603
GRID_07198,0.5752092420134386
GRID_07199,0.5595158036314728
GRID_07201,0.2857142857142857
GRID_07202,0.23923249642784242
GRID_07203,0.48428159640943297
GRID_07204,0.5159566664785872
GRID_07205,0.47788713528623844
GRID_07209,0.3541295306001188
GRID_07210,0.40545147596335085
GRID_07211,0.22070982798128808
GRID_07212,0.4557237634160711
GRID_07213,0.3860734859100109
GRID_07214,0.26506024096385544
GRID_07216,0.3333333333333333
GRID_07217,0.3426079734219269
GRID_07218,0.5599834095596807
GRID_07219,0.5416982669026151
GRID_07220,0.39100684261974583
GRID_07221,0.4712351048407058
GRID_07222,0.40208442156058005
GRID_07223,0.44090791627185805
GRID_07224,0.4253876338146215
GRID_07225,0.37113743135049293
GRID_07226,0.5535465924895688
GRID_07227,0.47449691991786447
GRID_07228,0.41920471281296023
GRID_07229,0.4241700501552424
GRID_07230,0.44431572443620637
GRID_07231,0.10619775951167065
GRID_07232,0.40911025968497233
GRID_07233,0.4111111111111111
GRID_07234,0.44263018534863197
GRID_07235,0.3964997964997965
GRID_07236,0.4
GRID_07237,0.4692964016322493
GRID_07238,0.3600189483657035
GRID_07239,0.52
GRID_07240,0.30296300308759005
GRID_07241,0.4411531340915102
GRID_07242,0.5071261728492814
GRID_07243,0.5611959816917316
GRID_07244,0.32695480039590896
GRID_07246,0.2523809523809524
GRID_07247,0.3997903197623624
GRID_07248,0.3121634681761701
GRID_07249,0.29717436250861473
GRID_07250,0.5282534840185814
GRID_07251,0.3500184706316956
GRID_07254,0.3861954017353792
GRID_07255,0.375
GRID_07256,0.36252189141856395
GRID_07257,0.42524916943521596
GRID_07258,0.26082130965593786
GRID_07259,0.2884770346494762
GRID_07260,0.2858455882352941
GRID_07261,0.4099669603524229
GRID_07262,0.4375255803075484
GRID_07263,0.4614183764495986
GRID_07265,0.26732673267326734
GRID_07267,0.36823529411764705
GRID_07279,0.7120972002113048
GRID_07280,0.644
GRID_07281,0.4259129213483146
GRID_07282,0.4570293094883259
GRID_07283,0.4424517872497236
GRID_07284,0.451110862595989
GRID_07285,0.49949064202795546
GRID_07286,0.52046783625731
GRID_07287,0.19386068476977567
GRID_07288,0.49882903981264637
GRID_07289,0.390690855781565
GRID_07291,0.3698630136986301
GRID_07292,0.1060695344725987
GRID_07293,0.4420485175202156
GRID_07294,0.3831506490591448
GRID_07295,0.3311805521055856
GRID_07296,0.1543579507651364
GRID_07297,0.41736181492164964
GRID_07298,0.4903869320098299
GRID_07301,0.49533678756476685
GRID_07302,0.4187959118492494
GRID_07303,0.4403820816864295
GRID_07304,0.49086450030656037
GRID_07305,0.5662853126050591
GRID_07306,0.4758754607688257
GRID_07307,0.4283727399165508
GRID_07308,0.5310169046815848
GRID_07309,0.5045044099118018
GRID_07311,0.5233926954421974
GRID_07312,0.40137425087828066
GRID_07313,0.4724572755931641
GRID_07314,0.4467590549327684
GRID_07315,0.3766343315056938
GRID_07316,0.39783393501805053
GRID_07317,0.48779452345574187
GRID_07318,0.36884669479606186
GRID_07319,0.2276595744680851
GRID_07323,0.4021838034576888
GRID_07324,0.26483777367449224
GRID_07326,0.3173434535104364
GRID_07327,0.4781852507023829
GRID_07328,0.47672137232547657
GRID_07329,0.45063745275161765
GRID_07332,0.38144329896907214
GRID_07333,0.35149205667668526
GRID_07334,0.4408227296496427
GRID_07335,0.45381818181818184
GRID_07340,1.0
GRID_07341,0.4965986394557823
GRID_07342,0.4298755186721992
GRID_07343,0.25225225225225223
GRID_07344,0.3657609460791215
GRID_07345,0.3983440662373505
GRID_07346,0.5122844635039757
GRID_07347,0.5630081300813008
GRID_07348,0.4506731662024141
GRID_07349,0.4870848708487085
GRID_07350,0.3775933609958506
GRID_07351,0.2693089430894309
GRID_07352,0.33852140077821014
GRID_07354,0.16610169491525423
GRID_07355,0.2556980056980057
GRID_07365,0.7100922560805144
GRID_07366,0.5843190266982089
GRID_07367,0.5244755244755245
GRID_07369,0.47871045677066426
GRID_07370,0.4146625009082322
GRID_07371,0.41997138184791494
GRID_07372,0.3695848959006854
GRID_07373,0.2919930374238468
GRID_07374,0.4541229693604771
GRID_07375,0.32558139534883723
GRID_07376,0.41280864197530864
GRID_07377,0.23049561299502017
GRID_07378,0.3280452224653538
GRID_07379,0.22705175865027166
GRID_07381,0.39820359281437123
GRID_07382,0.3897517332197219
GRID_07383,0.45539280958721706
GRID_07385,0.47365925613739335
GRID_07386,0.536759435285318
GRID_07387,0.4458897210178251
GRID_07388,0.5317059483726151
GRID_07389,0.4865986876088079
GRID_07390,0.39358837893682297
GRID_07391,0.4104888888888889
GRID_07392,0.46243081355675186
GRID_07393,0.38700542955862105
GRID_07394,0.48256774114624745
GRID_07395,0.5156687106162932
GRID_07396,0.4540153387843063
GRID_07397,0.2809943694890046
GRID_07398,0.49328891936906044
GRID_07399,0.39103437831288806
GRID_07400,0.4220226843100189
GRID_07401,0.3638461538461538
GRID_07402,0.4746982231231396
GRID_07403,0.37849462365591396
GRID_07404,0.3588998443175921
GRID_07407,0.3770491803278688
GRID_07408,0.4533680342927128
GRID_07410,0.26666666666666666
GRID_07411,0.5878009995456611
GRID_07412,0.23042116254785938
GRID_07413,0.41484748991202786
GRID_07417,0.2676678445229682
GRID_07418,0.4266456975960458
GRID_07425,0.43168669336893634
GRID_07426,0.35900216919739697
GRID_07427,0.3131039242752909
GRID_07428,0.32116067903671536
GRID_07429,0.3586555684332526
GRID_07430,0.289187790998448
GRID_07431,0.5442007591733445
GRID_07432,0.4728101595571475
GRID_07433,0.24293785310734464
GRID_07434,0.5204271123491179
GRID_07435,0.3886138613861386
GRID_07436,0.49691629955947136
GRID_07439,0.425531914893617
GRID_07445,0.35714285714285715
GRID_07449,0.756620173842733
GRID_07450,0.31431334622823986
GRID_07451,0.41245260807091044
GRID_07452,0.45025306339904103
GRID_07453,0.4331669439822518
GRID_07454,0.5312068635987173
GRID_07456,0.40380761523046094
GRID_07457,0.27383863080684595
GRID_07458,0.3597298956414979
GRID_07459,0.39652791477608995
GRID_07460,0.4169357358608478
GRID_07461,0.35577708775943784
GRID_07463,0.09028727770177838
GRID_07464,0.4232864042749974
GRID_07465,0.4569304766069086
GRID_07466,0.2974735126324368
GRID_07468,0.3949133087657826
GRID_07469,0.5098534951862704
GRID_07470,0.4453534577754032
GRID_07471,0.4248832529708797
GRID_07472,0.498985377499254
GRID_07473,0.4062105926860025
GRID_07474,0.17323449083105735
GRID_07475,0.40977999630245887
GRID_07476,0.4495201329687416
GRID_07477,0.5869659534628822
GRID_07478,0.537784149088675
GRID_07479,0.3752
GRID_07480,0.42416385792066374
GRID_07481,0.3906996787589125
GRID_07482,0.3901351006882488
GRID_07483,0.3378640776699029
GRID_07484,0.3479567307692308
GRID_07485,0.4582621082621083
GRID_07486,0.36756057398259234
GRID_07487,0.30172527327801923
GRID_07488,0.3705021747726374
GRID_07489,0.42282095319879776
GRID_07490,0.42181355540134163
GRID_07491,0.472778166550035
GRID_07492,0.4458546472348229
GRID_07493,0.5449507145402003
GRID_07494,0.501685393258427
GRID_07495,0.4343649946638207
GRID_07496,0.4490829082129366
GRID_07498,0.2122657203060885
GRID_07501,0.3719404491546808
GRID_07503,0.4413628730837983
GRID_07505,0.6015037593984962
GRID_07507,0.4166666666666667
GRID_07508,0.4202042770507501
GRID_07509,0.33766233766233766
GRID_07510,0.2857142857142857
GRID_07511,0.4649216524216524
GRID_07512,0.4339971611682223
GRID_07513,0.42975400234283484
GRID_07514,0.50231124807396
GRID_07515,0.499202806122449
GRID_07516,0.46260869565217394
GRID_07517,0.48
GRID_07518,0.358974358974359
GRID_07519,0.375
GRID_07520,0.2
GRID_07522,0.5588235294117647
GRID_07523,0.3191489361702128
GRID_07533,0.574757281553398
GRID_07534,0.43844984802431614
GRID_07537,0.3909629867008492
GRID_07541,0.5243657953581617
GRID_07542,0.5364767667541956
GRID_07543,0.5571963116397167
GRID_07544,0.26542137271937444
GRID_07545,0.3126003210272873
GRID_07546,0.46261534682993577
GRID_07547,0.5473272180926775
GRID_07548,0.4176571498590859
GRID_07549,0.22083096186681844
GRID_07551,0.4736010384626238
GRID_07552,0.4595941263817852
GRID_07553,0.4487994535806231
GRID_07554,0.4184530591695593
GRID_07555,0.4783928612497413
GRID_07556,0.448683110367893
GRID_07557,0.3871432689535889
GRID_07558,0.33805599073632586
GRID_07559,0.44905107401980054
GRID_07560,0.38063492063492066
GRID_07561,0.32306111967128914
GRID_07562,0.4109227177785969
GRID_07563,0.43119266055045874
GRID_07564,0.41025398477037317
GRID_07565,0.3960309535696455
GRID_07566,0.4028921023359288
GRID_07567,0.45029096976356164
GRID_07568,0.5238271653082712
GRID_07569,0.4563560475455948
GRID_07570,0.4806368131614215
GRID_07571,0.4920600438815632
GRID_07572,0.4763867507573124
GRID_07573,0.46105483758295496
GRID_07574,0.4314727971510172
GRID_07575,0.45601143090426616
GRID_07576,0.5226170840205928
GRID_07577,0.49502487562189057
GRID_07578,0.4372068785825951
GRID_07580,0.32516858389527964
GRID_07581,0.36933240611961055
GRID_07582,0.35563012441039604
GRID_07583,0.3168831168831169
GRID_07584,0.42854872039421393
GRID_07587,0.17002881844380405
GRID_07588,0.16541998773758432
GRID_07591,0.0967741935483871
GRID_07592,0.36363636363636365
GRID_07593,0.48603723404255317
GRID_07594,0.41256490894463543
GRID_07595,0.5313787886692055
GRID_07596,0.5326162387231089
GRID_07599,0.5032352327280317
GRID_07600,0.4586894586894587
GRID_07601,0.3333333333333333
GRID_07602,0.44343434343434346
GRID_07603,0.0
GRID_07604,0.4139344262295082
GRID_07605,0.3
GRID_07606,0.26153846153846155
GRID_07614,0.5636116460858729
GRID_07616,0.649889205444761
GRID_07617,0.586014586014586
GRID_07620,0.34513274336283184
GRID_07621,0.4420966612187719
GRID_07622,0.45444394819115674
GRID_07623,0.5652805244015433
GRID_07624,0.5010150223304912
GRID_07625,0.47552480689949295
GRID_07626,0.40529930127019953
GRID_07627,0.41612890133528146
GRID_07628,0.4813885617735907
GRID_07629,0.3993174061433447
GRID_07631,0.4
GRID_07632,0.5221635305859156
GRID_07633,0.48418817744999443
GRID_07634,0.44139588859416445
GRID_07635,0.5162627994254737
GRID_07636,0.45275474557009976
GRID_07637,0.38680699872628543
GRID_07638,0.4775979438732981
GRID_07639,0.3683476938672073
GRID_07640,0.4571852584714321
GRID_07641,0.4957420924574209
GRID_07642,0.4696969696969697
GRID_07643,0.36255924170616116
GRID_07645,0.34934497816593885
GRID_07646,0.4681081081081081
GRID_07647,0.4680606617647059
GRID_07648,0.47050601062342745
GRID_07649,0.45789854878081493
GRID_07650,0.5225818592397441
GRID_07651,0.47756094817647554
GRID_07652,0.4574315474334186
GRID_07653,0.5306630981496009
GRID_07654,0.5756095580873001
GRID_07655,0.5442095893789746
GRID_07656,0.43739356457829165
GRID_07657,0.4857780256553263
GRID_07660,0.2222222222222222
GRID_07661,0.45159138084412376
GRID_07662,0.5088661149223793
GRID_07663,0.49904402453256524
GRID_07664,0.462422077467255
GRID_07665,0.42856418576353683
GRID_07666,0.43461771010828343
GRID_07667,0.5229189986076606
GRID_07668,0.5457346473175436
GRID_07669,0.19304812439576985
GRID_07671,0.30077828397873957
GRID_07672,0.4324823378291586
GRID_07673,0.26133523741520887
GRID_07674,0.5066186066745385
GRID_07675,0.5594093406593407
GRID_07676,0.5414728386588373
GRID_07677,0.43392622657275876
GRID_07679,0.15306122448979592
GRID_07680,0.45906313645621183
GRID_07681,0.37725752508361204
GRID_07682,0.49144254278728605
GRID_07684,0.3333333333333333
GRID_07685,0.09018264840182648
GRID_07693,0.4827586206896552
GRID_07694,0.2
GRID_07697,0.21354166666666666
GRID_07699,0.4850974398165839
GRID_07700,0.5287817938420348
GRID_07701,0.32
GRID_07702,0.445643153526971
GRID_07703,0.553143083238538
GRID_07704,0.4239506340272598
GRID_07705,0.5747877562455085
GRID_07706,0.498493156599456
GRID_07707,0.41802762019368517
GRID_07708,0.4723941269263439
GRID_07709,0.3992843611871185
GRID_07712,0.411637347767253
GRID_07713,0.44634971796937956
GRID_07714,0.6122067277278104
GRID_07715,0.5726137937002423
GRID_07716,0.5132701319454942
GRID_07717,0.3621683967704729
GRID_07718,0.37879423413540264
GRID_07719,0.458615903232203
GRID_07720,0.4796374334101932
GRID_07721,0.4482505684735568
GRID_07722,0.37261261261261264
GRID_07723,0.47319706903200925
GRID_07724,0.40996028666636236
GRID_07725,0.4110863455761217
GRID_07726,0.5133645993899839
GRID_07727,0.4738518347565197
GRID_07728,0.4637316139431795
GRID_07729,0.4397810218978102
GRID_07730,0.48547897702644127
GRID_07731,0.34056603773584904
GRID_07732,0.4169068952084145
GRID_07733,0.4580386924616411
GRID_07734,0.398965572975594
GRID_07735,0.3974867724867725
GRID_07736,0.3458100558659218
GRID_07737,0.4227330779054917
GRID_07738,0.37997038917089676
GRID_07739,0.5804020100502513
GRID_07740,0.1991388589881593
GRID_07741,0.4437058579144163
GRID_07742,0.4509446737167913
GRID_07743,0.4509769948984503
GRID_07744,0.34493168096599935
GRID_07745,0.4658755951931071
GRID_07746,0.38085977482088024
GRID_07747,0.3876043673731535
GRID_07748,0.409218941578023
GRID_07750,0.1604319321249518
GRID_07752,0.36682464454976305
GRID_07753,0.43307956411404686
GRID_07754,0.46510072724233054
GRID_07755,0.5202660822597069
GRID_07756,0.4446428571428571
GRID_07757,0.5
GRID_07761,0.45704965567234507
GRID_07762,0.4690211684076715
GRID_07764,0.11840228245363767
GRID_07765,0.6363636363636364
GRID_07777,0.344
GRID_07778,0.28856181950979226
GRID_07779,0.4581497797356828
GRID_07780,0.5253563830181546
GRID_07781,0.6284301910922013
GRID_07782,0.4664963763811334
GRID_07783,0.5091294107478554
GRID_07784,0.4203362255965293
GRID_07785,0.5225085116220419
GRID_07786,0.5187882800860785
GRID_07787,0.4776327054794521
GRID_07789,0.33183856502242154
GRID_07790,0.4633935860058309
GRID_07791,0.5303627760252366
GRID_07792,0.5141190198366394
GRID_07793,0.5306874742711725
GRID_07794,0.39026254442618563
GRID_07795,0.4194077888638558
GRID_07796,0.5090728114268651
GRID_07797,0.5395127377148726
GRID_07798,0.48716538320498715
GRID_07799,0.3464890804034864
GRID_07800,0.4347377915217111
GRID_07801,0.4470207367223729
GRID_07802,0.34292710491618006
GRID_07803,0.2930814398774572
GRID_07804,0.5037101903488962
GRID_07805,0.6087141238670695
GRID_07806,0.6081695016090214
GRID_07807,0.4436301173776124
GRID_07810,0.13760217983651227
GRID_07811,0.5127877237851662
GRID_07813,0.40006236357966946
GRID_07814,0.48184438040345823
GRID_07815,0.22048192771084338
GRID_07818,0.16294642857142858
GRID_07819,0.5096414180574799
GRID_07820,0.4900835241381534
GRID_07821,0.4632502742516847
GRID_07822,0.35931188187769886
GRID_07823,0.4
GRID_07825,0.3573353869849827
GRID_07826,0.4959815984924066
GRID_07827,0.4148253741981468
GRID_07828,0.21119196119196118
GRID_07830,0.30303030303030304
GRID_07831,0.41754385964912283
GRID_07832,0.3867595818815331
GRID_07836,0.2357142857142857
GRID_07837,0.06666666666666667
GRID_07838,0.12536443148688048
GRID_07839,0.5403213620107792
GRID_07840,0.3694915254237288
GRID_07842,0.3582089552238806
GRID_07843,0.3929471032745592
GRID_07853,0.3924050632911392
GRID_07854,0.32509403546480387
GRID_07855,0.43478260869565216
GRID_07856,0.44105878731917514
GRID_07857,0.4402035623409669
GRID_07858,0.3333333333333333
GRID_07859,0.07459207459207459
GRID_07860,0.38176404591352375
GRID_07861,0.3993238960490175
GRID_07862,0.4196013289036545
GRID_07863,0.4517452758498404
GRID_07864,0.3036797412050142
GRID_07865,0.28205128205128205
GRID_07866,0.4652505671272427
GRID_07867,0.41503310119508213
GRID_07869,0.43266882042392246
GRID_07870,0.4748321464903357
GRID_07871,0.5018480108541397
GRID_07872,0.4296074344276533
GRID_07873,0.48015761328454826
GRID_07874,0.40211805014795204
GRID_07875,0.4425382493102583
GRID_07876,0.4684353260228747
GRID_07877,0.45391037655477934
GRID_07878,0.4066279178775663
GRID_07879,0.32200192218702167
GRID_07880,0.4778836178440064
GRID_07881,0.49379128137384415
GRID_07882,0.5324110158482723
GRID_07883,0.549362034147237
GRID_07884,0.4407137695258213
GRID_07885,0.1728247914183552
GRID_07889,0.5070422535211268
GRID_07890,0.3904109589041096
GRID_07891,0.3590760615958936
GRID_07892,0.5033003300330033
GRID_07896,0.410251932061302
GRID_07897,0.47835051546391755
GRID_07898,0.11036789297658862
GRID_07899,0.33662947490878325
GRID_07902,0.4084967320261438
GRID_07903,0.3458267716535433
GRID_07904,0.15353805073431243
GRID_07905,0.16458527493010253
GRID_07908,0.6521739130434783
GRID_07915,0.5552407932011332
GRID_07916,0.57848246294859
GRID_07917,0.5664221678891606
GRID_07918,0.1388888888888889
GRID_07926,0.49673202614379086
GRID_07927,0.3605263157894737
GRID_07928,0.3501577287066246
GRID_07929,0.5098039215686274
GRID_07930,0.3870508417790435
GRID_07931,0.43661971830985913
GRID_07932,0.45307626878366886
GRID_07933,0.3810810810810811
GRID_07934,0.2260245035910435
GRID_07935,0.3836314303117559
GRID_07936,0.4516050975963865
GRID_07937,0.39935956084172003
GRID_07940,0.3110667162943326
GRID_07941,0.32725143916479654
GRID_07942,0.3631342062193126
GRID_07943,0.40183066361556063
GRID_07944,0.4176598249098801
GRID_07945,0.41065953421619156
GRID_07946,0.4035140683492332
GRID_07947,0.5295531244848916
GRID_07948,0.41460761085053915
GRID_07949,0.5013275404296403
GRID_07950,0.3530118778280543
GRID_07951,0.4237049316203896
GRID_07952,0.35750398227024033
GRID_07953,0.37202874516307355
GRID_07954,0.6
GRID_07955,0.15384615384615385
GRID_07957,0.28681276432141484
GRID_07959,0.3333333333333333
GRID_07960,0.4121996303142329
GRID_07962,0.2087832973362131
GRID_07963,0.34992679355783307
GRID_07964,0.27966706302021405
GRID_07965,0.38798591358526346
GRID_07968,0.358974358974359
GRID_07973,0.28091347939101374
GRID_07976,0.1518324607329843
GRID_07977,0.44036697247706424
GRID_07983,0.512521799790722
GRID_07984,0.44730182614048286
GRID_07985,0.37685908747164104
GRID_07990,0.4983743613562471
GRID_07991,0.6019154784401306
GRID_07992,0.5371875384804827
GRID_08000,0.24378836597486114
GRID_08001,0.35918367346938773
GRID_08002,0.4213381555153707
GRID_08003,0.3702479338842975
GRID_08004,0.3655828707375099
GRID_08006,0.4261696228158972
GRID_08007,0.4269749966106947
GRID_08008,0.34296977660972405
GRID_08009,0.4556291390728477
GRID_08010,0.47070589753516584
GRID_08011,0.4841071219740381
GRID_08012,0.43612594493376794
GRID_08013,0.5656661877693797
GRID_08014,0.4281437125748503
GRID_08015,0.2673730901922129
GRID_08016,0.4850337268128162
GRID_08017,0.4018285664646991
GRID_08018,0.4159953970080552
GRID_08019,0.3865265902381044
GRID_08020,0.4378524911974574
GRID_08021,0.5175999597139692
GRID_08022,0.49365587070262024
GRID_08023,0.4140999653927918
GRID_08024,0.38897723306054377
GRID_08025,0.529691045557689
GRID_08026,0.5146261169462298
GRID_08027,0.30955497382198954
GRID_08028,0.20135746606334842
GRID_08033,0.26485148514851486
GRID_08034,0.5205951232952197
GRID_08035,0.5
GRID_08036,0.3186899392037654
GRID_08037,0.30913978494623656
GRID_08038,0.3826758147512864
GRID_08039,0.33678209459459457
GRID_08040,0.27949659150498163
GRID_08046,0.5478260869565217
GRID_08047,0.2589928057553957
GRID_08050,0.4375
GRID_08056,0.382032667876588
GRID_08057,0.75
GRID_08058,0.5507222463887681
GRID_08059,0.49990290633697976
GRID_08060,0.3736079008194999
GRID_08061,0.38571428571428573
GRID_08062,0.47685185185185186
GRID_08065,0.37183544303797467
GRID_08066,0.4852941176470588
GRID_08072,0.4060475161987041
GRID_08073,0.4440589765828274
GRID_08074,0.3567956034664976
GRID_08075,0.4518950437317784
GRID_08076,0.4231578947368421
GRID_08077,0.38074398249452956
GRID_08078,0.4209414024975985
GRID_08079,0.5127737226277372
GRID_08080,0.4397905759162304
GRID_08081,0.4820717131474104
GRID_08082,0.45161290322580644
GRID_08083,0.4708475318097977
GRID_08084,0.46631691904137357
GRID_08085,0.374567864121449
GRID_08086,0.3177002583979328
GRID_08088,0.5013992920063499
GRID_08089,0.6004480880905018
GRID_08090,0.42270482050788993
GRID_08091,0.49591644416522696
GRID_08092,0.4045882206656443
GRID_08093,0.40722015256342026
GRID_08094,0.48919594005233524
GRID_08095,0.382532615448333
GRID_08096,0.5474485266139602
GRID_08097,0.459628217349857
GRID_08098,0.474086773044969
GRID_08099,0.4486001056524036
GRID_08101,0.258974358974359
GRID_08102,0.2796610169491525
GRID_08103,0.3611111111111111
GRID_08104,0.31742690058479534
GRID_08105,0.4136318897637795
GRID_08106,0.4186554928037894
GRID_08107,0.39389913081990807
GRID_08108,0.48551444940449295
GRID_08109,0.5343325709280257
GRID_08110,0.4693734277189493
GRID_08111,0.395831437152999
GRID_08112,0.45357692965942153
GRID_08113,0.4725314183123878
GRID_08114,0.3958333333333333
GRID_08115,0.13608562691131498
GRID_08118,0.5201793721973094
GRID_08124,0.1369467607440667
GRID_08125,0.21954094978447483
GRID_08126,0.19265033407572382
GRID_08127,0.5
GRID_08128,0.6666666666666666
GRID_08129,0.5143831797159445
GRID_08130,0.537371801919241
GRID_08131,0.5059156859082135
GRID_08132,0.423885998642841
GRID_08133,0.19282120743034056
GRID_08134,0.47280334728033474
GRID_08135,0.5178571428571429
GRID_08142,0.280114918941104
GRID_08143,0.19140308191403083
GRID_08144,0.3768939393939394
GRID_08145,0.3622356495468278
GRID_08146,0.36470588235294116
GRID_08147,0.06412337662337662
GRID_08148,0.6078697421981004
GRID_08149,0.5032295948326483
GRID_08150,0.43966274372035835
GRID_08151,0.34756431308155444
GRID_08152,0.437024306408053
GRID_08153,0.6412213740458015
GRID_08156,0.19302949061662197
GRID_08157,0.4211689747090566
GRID_08158,0.4409109128114254
GRID_08159,0.500451856942633
GRID_08160,0.4458743443415903
GRID_08161,0.47881778372307265
GRID_08162,0.43202097323153343
GRID_08163,0.416318381472115
GRID_08164,0.3750884187512057
GRID_08165,0.47868192219679634
GRID_08166,0.5021053493896944
GRID_08167,0.3948504717735487
GRID_08168,0.4507933897887034
GRID_08169,0.39522036747928424
GRID_08170,0.3508255680889325
GRID_08171,0.4970669427191166
GRID_08172,0.4612987660476131
GRID_08173,0.45870636497329653
GRID_08174,0.5116517843253165
GRID_08175,0.48989838613269576
GRID_08176,0.5807752481657316
GRID_08177,0.46007683215130024
GRID_08178,0.5352176719080028
GRID_08179,0.46900992014147946
GRID_08180,0.472181130834977
GRID_08181,0.3496077076303915
GRID_08182,0.3933103838051688
GRID_08183,0.31049069373942473
GRID_08184,0.4004761904761905
GRID_08194,0.18983700862895495
GRID_08195,0.14862914862914864
GRID_08197,0.47173689619732784
GRID_08198,0.345088161209068
GRID_08199,0.4937084177032109
GRID_08200,0.43317708617212625
GRID_08202,0.4288325933664142
GRID_08203,0.375
GRID_08210,0.11297598835799175
GRID_08211,0.29445234708392604
GRID_08212,0.42688233068482784
GRID_08213,0.44941790445604174
GRID_08214,0.4272085243464255
GRID_08215,0.498226418031602
GRID_08216,0.43641618497109824
GRID_08217,0.5180372974625497
GRID_08218,0.42857142857142855
GRID_08219,0.44370860927152317
GRID_08220,0.3746860873932697
GRID_08221,0.39692512594823093
GRID_08223,0.34026618735824027
GRID_08224,0.23574144486692014
GRID_08225,0.29606601853945286
GRID_08226,0.4874449561329793
GRID_08227,0.40455503207935795
GRID_08228,0.4244651174222408
GRID_08229,0.5787804657062607
GRID_08230,0.42804578904333607
GRID_08231,0.5702746365105008
GRID_08232,0.42155540668690894
GRID_08233,0.46064831452598287
GRID_08234,0.2826400160487298
GRID_08235,0.3128394180837991
GRID_08236,0.36205769091041196
GRID_08237,0.2934504207830223
GRID_08238,0.4719503012048193
GRID_08239,0.5315239726027398
GRID_08240,0.5108516187695915
GRID_08241,0.37034002458009013
GRID_08242,0.3884258156703977
GRID_08243,0.5788358784659647
GRID_08244,0.5218601035209395
GRID_08245,0.29330593071051086
GRID_08246,0.5021858694119307
GRID_08247,0.38356589147286824
GRID_08248,0.42650318152570244
GRID_08249,0.4382326420198377
GRID_08250,0.49458980204827563
GRID_08251,0.5511283497884344
GRID_08252,0.5174758027346751
GRID_08253,0.49572649572649574
GRID_08255,0.3249714937286203
GRID_08262,0.20055325034578148
GRID_08263,0.243993993993994
GRID_08264,0.34444444444444444
GRID_08265,0.41518424396442183
GRID_08266,0.5761364513390446
GRID_08267,0.5467024768725753
GRID_08268,0.45425676697414186
GRID_08269,0.3969307341352136
GRID_08270,0.4861764368475393
GRID_08271,0.4702944942381562
GRID_08272,0.4682822523164647
GRID_08275,0.41982593302847027
GRID_08276,0.38605424136345956
GRID_08277,0.4335551271687084
GRID_08278,0.43239172907847606
GRID_08279,0.42266124346310285
GRID_08280,0.2701728912909037
GRID_08282,0.38802768840791657
GRID_08283,0.503255006510013
GRID_08284,0.4509177972865124
GRID_08285,0.31
GRID_08286,0.21516900247320692
GRID_08287,0.35395156748639006
GRID_08288,0.49987280590180616
GRID_08289,0.37026239067055394
GRID_08290,0.4784176986894313
GRID_08291,0.49804135468835226
GRID_08292,0.3800602928509905
GRID_08293,0.41990803354070866
GRID_08294,0.47969402801671174
GRID_08295,0.5356367226061204
GRID_08296,0.4381673660150786
GRID_08297,0.5227658650238913
GRID_08298,0.4744217842087274
GRID_08299,0.47980214344600164
GRID_08300,0.39335664335664333
GRID_08301,0.23632700057570524
GRID_08302,0.4361283061339336
GRID_08303,0.43586995355484104
GRID_08304,0.3984069123801809
GRID_08305,0.4468919171177898
GRID_08307,0.4406730065837601
GRID_08308,0.5813546219017718
GRID_08309,0.5494091249065071
GRID_08310,0.4517039288039939
GRID_08312,0.4098903900076472
GRID_08313,0.5025913285298951
GRID_08314,0.43174577240421536
GRID_08315,0.5079969893687083
GRID_08316,0.58846513675637
GRID_08317,0.4778880866425993
GRID_08318,0.6166902404526167
GRID_08319,0.42750044099488443
GRID_08320,0.4063530164826372
GRID_08327,0.27009646302250806
GRID_08329,0.2540341171046565
GRID_08330,0.509484291641968
GRID_08331,0.5764776017714188
GRID_08332,0.4020210025757876
GRID_08333,0.5022335903163052
GRID_08334,0.533601635364763
GRID_08335,0.44810852542185947
GRID_08336,0.3534847901424721
GRID_08339,0.4815774323546344
GRID_08340,0.3386445242369838
GRID_08341,0.483739837398374
GRID_08342,0.3486670591203431
GRID_08343,0.42047518159806296
GRID_08344,0.5231243576567317
GRID_08345,0.0
GRID_08346,0.1634446397188049
GRID_08347,0.4933510638297872
GRID_08348,0.26666666666666666
GRID_08349,0.24444444444444444
GRID_08350,0.4438800262549585
GRID_08351,0.2919134273715947
GRID_08352,0.4506275159838977
GRID_08353,0.2095964875601087
GRID_08354,0.3220105962041446
GRID_08355,0.3234216580046008
GRID_08356,0.43510306564613455
GRID_08357,0.3874306708587982
GRID_08358,0.5171273380349556
GRID_08359,0.5356111711662402
GRID_08360,0.4801971571531702
GRID_08361,0.49068922026856593
GRID_08362,0.392991239048811
GRID_08363,0.541806323951056
GRID_08364,0.44986449864498645
GRID_08365,0.21814132415468718
GRID_08366,0.5123194562446899
GRID_08367,0.463198920701544
GRID_08368,0.31251979727589485
GRID_08369,0.4677058177826564
GRID_08370,0.4397634469163616
GRID_08371,0.4744116438758143
GRID_08372,0.4707478890229192
GRID_08373,0.5218932547805681
GRID_08374,0.295322635711847
GRID_08376,0.4000526269625471
GRID_08377,0.463491310279376
GRID_08378,0.36181601903251387
GRID_08379,0.48941401052814254
GRID_08380,0.41532186557900336
GRID_08381,0.3872694824509221
GRID_08382,0.38850899360784896
GRID_08383,0.39236871930487344
GRID_08384,0.3549833416034593
GRID_08385,0.3331728454501685
GRID_08393,0.37988330796549974
GRID_08394,0.625
GRID_08395,0.3237885462555066
GRID_08396,0.4526186722718515
GRID_08397,0.5063970284770946
GRID_08398,0.46972232390315327
GRID_08401,0.45905488699735836
GRID_08402,0.1781437125748503
GRID_08403,0.23466666666666666
GRID_08404,0.3852275045908998
GRID_08405,0.5299468302658487
GRID_08406,0.5348850905664329
GRID_08407,0.4475633528265107
GRID_08408,0.3050847457627119
GRID_08409,0.33772693359860734
GRID_08410,0.3071748878923767
GRID_08411,0.30166787527193617
GRID_08412,0.1084967320261438
GRID_08413,0.4557583279271148
GRID_08414,0.1745152354570637
GRID_08415,0.226590421729807
GRID_08416,0.18863443596268023
GRID_08417,0.17523364485981308
GRID_08418,0.47766636280765723
GRID_08419,0.39803885963319413
GRID_08420,0.5922253446995686
GRID_08421,0.5428583516669487
GRID_08422,0.4625200405719334
GRID_08423,0.4679426270304511
GRID_08424,0.3333333333333333
GRID_08425,0.5384615384615384
GRID_08426,0.2465901183020181
GRID_08429,0.5229887034807041
GRID_08430,0.48787555037555036
GRID_08431,0.5571852296028997
GRID_08432,0.5256684332757696
GRID_08433,0.5161838637521317
GRID_08434,0.47604917337855024
GRID_08435,0.4722925832111274
GRID_08436,0.38262265016047686
GRID_08437,0.4038544824599394
GRID_08438,0.4358711476552728
GRID_08439,0.4206963249516441
GRID_08440,0.4268058225762153
GRID_08441,0.5065153225696759
GRID_08442,0.5125468347254577
GRID_08443,0.4876754600534377
GRID_08444,0.5272836394190373
GRID_08445,0.4764260038454036
GRID_08446,0.4766874297967936
GRID_08447,0.42481489170299636
GRID_08451,0.23014888337468983
GRID_08452,0.20977828311540647
GRID_08453,0.13278688524590163
GRID_08454,0.11422087745839637
GRID_08455,0.26666666666666666
GRID_08456,0.16952380952380952
GRID_08458,0.37573770491803277
GRID_08459,0.3569157392686804
GRID_08460,0.22982885085574573
GRID_08462,0.5472972972972973
GRID_08463,0.5635157397925108
GRID_08464,0.45672097759674135
GRID_08465,0.5660299463302152
GRID_08466,0.42240338164251207
GRID_08467,0.34926253687315634
GRID_08468,0.0
GRID_08469,0.4657033715329679
GRID_08470,0.3314598645337945
GRID_08471,0.4320928942258154
GRID_08472,0.16140350877192983
GRID_08474,0.35529953917050694
GRID_08475,0.26031746031746034
GRID_08477,0.27879440258342303
GRID_08478,0.3448275862068966
GRID_08479,0.4504631639889999
GRID_08480,0.44851690912525977
GRID_08481,0.4274475304763102
GRID_08482,0.44479199249296214
GRID_08483,0.49704942217850995
GRID_08484,0.24
GRID_08485,0.5
GRID_08488,0.3225331369661267
GRID_08489,0.4533056133056133
GRID_08490,0.4144874891996262
GRID_08491,0.5341198380631522
GRID_08492,0.527810817894079
GRID_08493,0.5097563836859187
GRID_08494,0.41518925857821876
GRID_08495,0.4238203302292824
GRID_08496,0.38327267325261827
GRID_08497,0.49638680856654843
GRID_08498,0.5139975542084708
GRID_08499,0.40683654443753886
GRID_08500,0.4667738478027867
GRID_08501,0.4563721521915115
GRID_08502,0.43647367061515185
GRID_08503,0.4596131556070704
GRID_08504,0.5222126024728768
GRID_08505,0.47908142154383704
GRID_08506,0.45585392580553813
GRID_08507,0.20441595441595442
GRID_08510,0.06464924346629987
GRID_08512,0.35555555555555557
GRID_08513,0.18568994889267462
GRID_08514,0.4696969696969697
GRID_08515,0.18181818181818182
GRID_08516,0.290273132664437
GRID_08517,0.1804812834224599
GRID_08518,0.21042859353241528
GRID_08519,0.17681728880157171
GRID_08521,0.3690208029680668
GRID_08522,0.5297418630751964
GRID_08523,0.45529691211401424
GRID_08524,0.3862344995175642
GRID_08525,0.45634920634920634
GRID_08526,0.48068669527896996
GRID_08528,0.25402669121030835
GRID_08529,0.4050367261280168
GRID_08530,0.2784616505207954
GRID_08531,0.332401634057192
GRID_08532,0.4448393350173295
GRID_08533,0.15101938082053865
GRID_08534,0.11926605504587157
GRID_08535,0.19952380952380952
GRID_08536,0.30017935757378117
GRID_08537,0.39770652527324113
GRID_08538,0.4863049888360519
GRID_08539,0.5014443450591668
GRID_08540,0.5409576895495143
GRID_08541,0.51098659635245
GRID_08542,0.4666666666666667
GRID_08546,0.4750235626767201
GRID_08547,0.467052149247218
GRID_08548,0.3776149619203702
GRID_08549,0.5143647288209781
GRID_08550,0.4418059011731248
GRID_08551,0.4373176873010594
GRID_08552,0.43963544136750726
GRID_08553,0.4805641675036025
GRID_08554,0.5197386689704113
GRID_08555,0.4628836545324768
GRID_08556,0.4988806282847873
GRID_08557,0.4477657187897896
GRID_08558,0.4549226104994415
GRID_08559,0.5118973905351615
GRID_08560,0.5255863050162927
GRID_08561,0.4171585815099197
GRID_08562,0.4404225901372
GRID_08563,0.4436557918645468
GRID_08564,0.4690305587810473
GRID_08565,0.3600446428571429
GRID_08566,0.21829855537720708
GRID_08567,0.36363636363636365
GRID_08570,0.0
GRID_08571,0.24700385943530367
GRID_08572,0.39820887991927345
GRID_08573,0.37868852459016394
GRID_08574,0.4785929648241206
GRID_08576,0.2036036036036036
GRID_08579,0.16023738872403562
GRID_08580,0.4357606554985533
GRID_08581,0.46755906663740765
GRID_08582,0.4666522864538395
GRID_08583,0.4159962871287129
GRID_08584,0.22676864244741873
GRID_08585,0.39702683103698333
GRID_08586,0.18974358974358974
GRID_08587,0.16266666666666665
GRID_08588,0.4642857142857143
GRID_08591,0.4391313426602631
GRID_08592,0.5722511420376075
GRID_08593,0.5300515270918394
GRID_08594,0.3963608442555623
GRID_08595,0.3513638867147868
GRID_08596,0.44791429222703444
GRID_08597,0.5077047850770479
GRID_08598,0.4915072814850286
GRID_08599,0.39112050739957716
GRID_08603,0.195
GRID_08604,0.5134893759535594
GRID_08605,0.35071743102776864
GRID_08606,0.5097374092106314
GRID_08607,0.5000693705776257
GRID_08608,0.5013741187716573
GRID_08609,0.48668544942288466
GRID_08610,0.482078209769555
GRID_08611,0.48132029282022776
GRID_08612,0.2952755905511811
GRID_08613,0.47149142102947644
GRID_08614,0.5079352546387682
GRID_08615,0.45367536586723056
GRID_08616,0.521600319265689
GRID_08617,0.565055871253836
GRID_08618,0.5244660765939757
GRID_08619,0.4961740210484291
GRID_08620,0.49617451939373397
GRID_08621,0.5252019080091612
GRID_08622,0.5191628701594533
GRID_08623,0.2288135593220339
GRID_08624,0.21176470588235294
GRID_08627,0.4117647058823529
GRID_08628,0.41590485074626865
GRID_08629,0.0945945945945946
GRID_08630,0.44698155479851454
GRID_08631,0.4706013033175355
GRID_08633,0.17391304347826086
GRID_08634,0.36959761549925485
GRID_08637,0.38832972251313086
GRID_08638,0.34664168348227153
GRID_08639,0.5253843922251233
GRID_08640,0.41604449184824016
GRID_08641,0.36666666666666664
GRID_08642,0.35806680881307745
GRID_08643,0.1760299625468165
GRID_08644,0.4844827586206897
GRID_08645,0.4583333333333333
GRID_08646,0.5410041093442916
GRID_08647,0.34057971014492755
GRID_08648,0.3333333333333333
GRID_08649,0.5514991621804699
GRID_08650,0.47129215815566466
GRID_08651,0.46298360133736666
GRID_08652,0.3286240786240786
GRID_08653,0.13853503184713375
GRID_08654,0.5519080837094789
GRID_08655,0.48236809618377974
GRID_08656,0.41050328227571115
GRID_08660,0.44202334630350193
GRID_08661,0.4709739061676331
GRID_08662,0.48516121986512684
GRID_08663,0.4783829309376755
GRID_08664,0.3695754716981132
GRID_08665,0.528030415983301
GRID_08666,0.5304562649579248
GRID_08667,0.5449901559091151
GRID_08668,0.5097815961080634
GRID_08669,0.3132440476190476
GRID_08670,0.5174350377200335
GRID_08671,0.5328904035052551
GRID_08672,0.37148057562140946
GRID_08673,0.4733666770865896
GRID_08674,0.5042442293373045
GRID_08675,0.5480545095929711
GRID_08676,0.4924655338249439
GRID_08677,0.4642928088994835
GRID_08678,0.4647099422427258
GRID_08679,0.5737978715140216
GRID_08680,0.2982346703262429
GRID_08681,0.40281899109792285
GRID_08682,0.2903225806451613
GRID_08684,0.24896265560165975
GRID_08685,0.3253012048192771
GRID_08686,0.21516754850088182
GRID_08688,0.09269662921348315
GRID_08689,0.3333333333333333
GRID_08696,0.10482921083627797
GRID_08698,0.143184947223497
GRID_08699,0.39119804400978
GRID_08700,0.535157847767077
GRID_08701,0.6158574973151132
GRID_08702,0.42645074224021595
GRID_08703,0.36908517350157727
GRID_08704,0.4793383151306125
GRID_08705,0.5
GRID_08706,0.176697247706422
GRID_08707,0.3288973384030418
GRID_08708,0.259581881533101
GRID_08709,0.36585365853658536
GRID_08710,0.1103448275862069
GRID_08711,0.16782140107775212
GRID_08715,0.30666666666666664
GRID_08716,0.2891603009091173
GRID_08717,0.32342007434944237
GRID_08720,0.22267206477732793
GRID_08721,0.4
GRID_08723,0.5023788782416404
GRID_08724,0.41732283464566927
GRID_08725,0.41076060580704543
GRID_08726,0.44630071599045346
GRID_08727,0.3482276873340261
GRID_08728,0.2602606766500277
GRID_08729,0.382220829416066
GRID_08730,0.40131663869885115
GRID_08731,0.4694853792145668
GRID_08732,0.46284420973217655
GRID_08733,0.404296875
GRID_08734,0.4098578254970208
GRID_08735,0.25547445255474455
GRID_08737,0.5019649582446373
GRID_08738,0.21052631578947367
GRID_08741,0.18383658969804617
GRID_08751,0.40997533570841327
GRID_08752,0.5564282363695409
GRID_08753,0.5332913158960969
GRID_08754,0.5285616905248807
GRID_08755,0.5466107819048995
GRID_08756,0.503140703517588
GRID_08757,0.3368146214099217
GRID_08759,0.3640172445200073
GRID_08760,0.3153293413173653
GRID_08761,0.18202764976958524
GRID_08763,0.24944521497919556
GRID_08764,0.13545816733067728
GRID_08766,0.4199640287769784
GRID_08767,0.3658797857567943
GRID_08768,0.4780058651026393
GRID_08769,0.4137191286499371
GRID_08771,0.4712936973717785
GRID_08772,0.512879900576206
GRID_08773,0.4324556977054825
GRID_08774,0.31275440976933516
GRID_08776,0.32167832167832167
GRID_08778,0.26294820717131473
GRID_08781,0.4695637104111607
GRID_08782,0.2755102040816326
GRID_08784,0.1111111111111111
GRID_08785,0.43997797356828194
GRID_08786,0.5027217890245697
GRID_08788,0.7692307692307693
GRID_08789,0.3787313432835821
GRID_08793,0.49381755968582314
GRID_08794,0.33454347431475767
GRID_08796,0.20915032679738563
GRID_08797,0.23473282442748092
GRID_08800,0.4963832181321331
GRID_08801,0.14679976512037582
GRID_08802,0.21361517757500165
GRID_08805,0.26845844918134076
GRID_08806,0.18452380952380953
GRID_08808,0.401513272140908
GRID_08809,0.4833928807727934
GRID_08810,0.37172727272727274
GRID_08811,0.4193168433451119
GRID_08812,0.2797992471769134
GRID_08813,0.4364406779661017
GRID_08814,0.39099712117246793
GRID_08815,0.3595535714285714
GRID_08816,0.43916801728795246
GRID_08817,0.4792351008916002
GRID_08819,0.19381343644272594
GRID_08821,0.3333333333333333
GRID_08824,0.4790337505478985
GRID_08825,0.5033778349686344
GRID_08826,0.2857142857142857
GRID_08828,0.2857142857142857
GRID_08833,0.39712471994025395
GRID_08834,0.4402010050251256
GRID_08836,0.5
GRID_08838,0.2971698113207547
GRID_08841,0.09755885674572148
GRID_08851,0.16666666666666666
GRID_08852,0.34737331473733146
GRID_08853,0.39359208127116435
GRID_08854,0.4
GRID_08856,0.15607649599012954
GRID_08861,0.5073943476659123
GRID_08862,0.505395158938466
GRID_08872,0.22324159021406728
GRID_08873,0.5590551181102362
GRID_08874,0.2417452830188679
GRID_08875,0.35884299768780886
GRID_08890,0.4827586206896552
GRID_08891,0.43283582089552236
GRID_08892,0.375
GRID_08894,0.4934210526315789
GRID_08901,0.37777777777777777
GRID_08902,0.28617780661907855
GRID_08903,0.4205298013245033
GRID_08904,0.2734159779614325
GRID_08905,0.25609756097560976
GRID_08906,0.16666666666666666
GRID_08909,0.1743705373919579
GRID_08915,0.38696904247660185
GRID_08916,0.3544487797414123
GRID_08917,0.34074074074074073
GRID_08927,0.18181818181818182
GRID_08932,0.1391851244189226
GRID_08933,0.3400751745122606
GRID_08934,0.23333333333333334
GRID_08935,0.6027586206896551
GRID_08939,0.32701421800947866
GRID_08941,0.5018226002430134
GRID_08943,0.6666666666666666
GRID_08944,0.42105263157894735
GRID_08945,0.2507237984944991
GRID_08950,0.20157346374654475
GRID_08961,0.3273500822955809
GRID_08962,0.35033865655875224
GRID_08963,0.24
GRID_08972,0.35280741647717334
GRID_08973,0.36668614534636634
GRID_08974,0.3176390310474241
